Urban area,Size,Latitude,Longitude,Motor vehicle,Walk,Tech workers,Insured,Broadband,Median rent,Gini index,Population,College,High school,No high school,Has rapid transit
"Aberdeen--Bel Air South--Bel Air North, MD",134.925,39.508977,-76.30343,0.9099703693251967,0.01054710924547603,5232,0.9621154939289741,0.8946812301114374,1234,0.4273,217354,0.3678973253385434,0.5598329178737452,0.07226975678771137,Yes
"Abilene, TX",55.114,32.428466,-99.747188,0.8886281054955754,0.03172864618647751,567,0.8564911049321059,0.75325382176156,822,0.456,115066,0.24574061196105704,0.6200452016689847,0.13421418636995827,No
"Akron, OH",332.108,41.066225,-81.491897,0.9223750456037942,0.010904779277635899,7004,0.9443403378774657,0.8266942402347116,787,0.4559,564172,0.2896753838096933,0.6260270827367547,0.084297533453552,No
"Albany, GA",71.922,31.591096999999998,-84.16882700000001,0.9021763207442685,0.022926126924354858,448,0.8546410793522085,0.7674854998294097,689,0.4706,90661,0.232903192986621,0.6416495684465773,0.12544723856680176,No
"Albany--Schenectady, NY",302.01800000000003,42.746355,-73.80050899999999,0.865016869049733,0.03541817486443294,11849,0.9674176149944173,0.8577914089168442,967,0.4574,598679,0.3862657634236328,0.5312780656733647,0.08245617090300254,Yes
"Albuquerque, NM",254.013,35.141344000000004,-106.62888999999998,0.8960034157370341,0.020611909803910332,10032,0.9318529507208753,0.8433797463235789,863,0.4636,760553,0.34356219058218523,0.5623114710058718,0.09412633841194305,No
"Alexandria, LA",65.892,31.260637,-92.506129,0.8876598900080331,0.024995365507013534,236,0.9237218180880152,0.7685828739685692,784,0.5041,82641,0.22979770759225324,0.5993855772340196,0.17081671517372715,No
"Allentown, PA--NJ",350.355,40.651115000000004,-75.44216800000001,0.9104351512674501,0.019755202630366953,8224,0.9400440076540194,0.8309792390076962,981,0.4549,684888,0.2863045467117721,0.6069232569519798,0.10677219633624817,Yes
"Alton, IL--MO",55.587999999999994,38.897683,-90.12829,0.9294201899103496,0.010636040528353933,944,0.9437711156604414,0.7869484076816567,744,0.4297,80117,0.21065254149556575,0.6843748921632906,0.10497256634114359,No
"Altoona, PA",37.458999999999996,40.485263,-78.393865,0.8954221041000986,0.03908979604025443,775,0.9638212089958075,0.8027525729249132,696,0.4637,75793,0.21631442343344456,0.6842602892102336,0.09942528735632183,No
"Amarillo, TX",81.78299999999999,35.197528000000005,-101.849137,0.9489725956244416,0.011562194843240323,1089,0.8278549028123564,0.8083986028789162,816,0.4648,205262,0.2272625347564804,0.6025802015128412,0.17015726373067838,No
"Anchorage, AK",86.00800000000001,61.167898,-149.84715500000001,0.8733950340693128,0.03553715177453995,3151,0.8793311669717003,0.8926573274927354,1277,0.4291,250114,0.3385862444746477,0.5765161811703339,0.08489757435501843,Yes
"Anderson, IN",66.353,40.089827,-85.679807,0.9113144893496395,0.02189465727167193,457,0.921275853356274,0.7490968053935653,691,0.4549,87438,0.18559290845960605,0.6794726146855049,0.13493447685488905,No
"Anderson, SC",75.358,34.520717,-82.660933,0.945769171344698,0.008034196837822527,753,0.8899203778835248,0.6618146953717423,768,0.4757,86605,0.22307374367099508,0.6143181896462646,0.16260806668274033,No
"Ann Arbor, MI",164.821,42.240003,-83.662679,0.7822179106570981,0.08077561420323055,7656,0.9727706426548006,0.8730574973039653,1034,0.4825,325082,0.5397783588594197,0.4055734030631304,0.05464823807744988,Yes
"Anniston--Oxford, AL",87.30399999999999,33.664398,-85.828795,0.9248069595710962,0.016218767913140236,304,0.891571217963257,0.7375112278034962,629,0.4706,72045,0.21294162441634437,0.6559988777780005,0.1310594978056552,No
"Antioch, CA",81.70400000000001,37.991687,-121.78211999999999,0.8662494368100924,0.014459900878576256,2759,0.9427695517630907,0.9077828220991842,1697,0.4197,313426,0.21739173242882673,0.6312428925176364,0.1513653750535369,Yes
"Appleton, WI",107.947,44.24668,-88.411096,0.9111594891941712,0.021394790180917347,3044,0.9632424092431316,0.8765731565379135,774,0.4391,225645,0.3216781837428416,0.6259722669682365,0.05234954928892191,No
"Asheville, NC",267.308,35.536428,-82.66557,0.8705224371627845,0.013909724963811028,3334,0.8836945372729378,0.8053234819034075,931,0.4466,307301,0.3883564925730714,0.5192727466325933,0.0923707607943353,No
"Athens-Clarke County, GA",99.392,33.942069000000004,-83.398271,0.8220672793951193,0.041336532802100784,1427,0.8815593176363754,0.8658085094264396,848,0.5194,139634,0.4532496420535897,0.44051697688688896,0.10623338105952138,No
"Atlanta, GA",2681.4580000000005,33.824102,-84.331858,0.8547471693579873,0.014323899528476609,113121,0.8680715009920732,0.8788613680505077,1141,0.4734,5057220,0.4064961648955373,0.49524569486679093,0.09825814023767174,Yes
"Atlantic City, NJ",129.599,39.371611,-74.590128,0.8298361887999707,0.040948216593790394,2963,0.9087953646662799,0.8261949099937926,1022,0.48,245623,0.3138165192536814,0.5571917386124202,0.12899174213389833,No
"Auburn, AL",50.259,32.614294,-85.44393199999999,0.9120790113134586,0.04943432707130353,1472,0.935426210684565,0.8495739736638265,793,0.5075,85478,0.40618815963060684,0.5110075857519789,0.08280425461741425,No
"Augusta-Richmond County, GA--SC",262.186,33.487951,-81.996378,0.9223310805107399,0.018249551217480852,4588,0.8870766269402466,0.808988606485539,851,0.4588,405463,0.27887547329975093,0.5838648066032994,0.13725972009694967,No
"Austin, TX",527.645,30.358509,-97.761515,0.8536091191001433,0.017970824816221528,58110,0.8889898532817968,0.898995000670662,1250,0.4589,1648769,0.4767768092402256,0.43587962983758455,0.0873435609221899,Yes
"Avondale--Goodyear, AZ",88.051,33.472716999999996,-112.399026,0.9069595542246314,0.010755847011106478,2657,0.8895687566973732,0.8779671074940658,1205,0.4041,227896,0.26736657555426707,0.5963513625445208,0.13628206190121206,No
"Bakersfield, CA",139.30599999999998,35.362282,-119.03055900000001,0.9232046941999549,0.00854434664861205,2788,0.9154223198729297,0.840443686006826,992,0.4492,573560,0.17856847111153173,0.5732444518052335,0.24818707708323476,No
"Baltimore, MD",742.371,39.234099,-76.64775999999999,0.8268836849779527,0.026462062786571334,61661,0.9457208590600192,0.8524752360405503,1255,0.4582,2277839,0.3981363783259722,0.5006425407607835,0.10122108091324432,Yes
"Barnstable Town, MA",299.826,41.622828999999996,-70.576489,0.9029513555085561,0.015149330257001858,1726,0.9668978863705143,0.8748985096077572,1252,0.4461,253517,0.41056062179361963,0.5395612078094317,0.049878170396948605,Yes
"Baton Rouge, LA",371.32800000000003,30.427884999999996,-91.038912,0.9346895185957054,0.010523914688896492,5539,0.9243464247343918,0.8262871302972252,911,0.4747,607945,0.31701039647118523,0.5737628980000781,0.10922670552873667,No
"Battle Creek, MI",54.386,42.31374,-85.197926,0.9233713989099404,0.04162341032961329,665,0.9634820589373583,0.8058455114822547,693,0.488,73724,0.23489617036296254,0.6818048120477675,0.08329901758926996,No
"Bay City, MI",41.937000000000005,43.608621,-83.890506,0.9379805575314162,0.007214713951834163,216,0.9350745167478235,0.7962051525745901,601,0.4737,68434,0.21991429717349545,0.6888311907626707,0.09125451206383382,No
"Beaumont, TX",92.79,30.11918,-94.127119,0.959860164086736,0.006739839062721446,313,0.840794614696606,0.766451338113154,819,0.4823,149817,0.2370730755894591,0.6271454576976422,0.13578146671289876,No
"Bellingham, WA",51.64,48.775245,-122.477024,0.8291068402033833,0.06501231172651978,1993,0.9622305811242272,0.8893663552477603,1080,0.4604,124104,0.45498838735736646,0.49370140361506615,0.0513102090275674,No
"Beloit, WI--IL",35.258,42.509483,-89.026108,0.935277926446976,0.018005963758697147,415,0.9154470761923101,0.8394308943089431,787,0.3958,62669,0.16976634469743998,0.6994015841879174,0.13083207111464257,No
"Billings, MT",53.153000000000006,45.79132,-108.53183999999999,0.9191227644250223,0.03180383588249575,1373,0.9315464503245967,0.8611456913075266,834,0.4865,121625,0.3245230406234732,0.5892489006995006,0.08622805867702611,No
"Binghamton, NY--PA",77.634,42.105366,-75.962775,0.8923761825264329,0.030288576198425947,1877,0.9506352504788915,0.7884807616025387,755,0.4959,150490,0.27968975758548725,0.6162004334564135,0.10410980895809921,Yes
"Birmingham, AL",533.9269999999999,33.469106,-86.791975,0.9234304290703289,0.014092731294846889,9628,0.9133830022075056,0.8289420699340728,897,0.4924,767392,0.3753679042199268,0.5382378187130764,0.08639427706699683,Yes
"Bismarck, ND",39.454,46.819853,-100.800391,0.9510279696341193,0.007369968385654739,1120,0.9426934097421203,0.8217661028449571,863,0.4581,89313,0.3290789764301265,0.6086833054617738,0.06223771810809958,No
"Bloomington, IN",44.818000000000005,39.162873,-86.548361,0.7829823807477438,0.0810951153129924,1593,0.9419909533510583,0.8574116803691839,853,0.5088,116918,0.501681442983797,0.41318444383658626,0.08513411317961672,No
"Bloomington--Normal, IL",49.267999999999994,40.493927,-88.978753,0.8892582827009057,0.039335664335664336,6705,0.9627168423160503,0.8223544897842385,806,0.5084,135773,0.4858050353801062,0.47886391229167435,0.03533105232821947,No
"Boise City, ID",135.44400000000002,43.617235,-116.292336,0.8974648563018784,0.01463716911452373,8082,0.9193644478552387,0.8154837952702526,928,0.471,398630,0.3609680299119599,0.5891064885196792,0.04992548156836086,Yes
"Bonita Springs, FL",201.267,26.210606,-81.744876,0.8922184304935754,0.006757802771776077,1685,0.863142513275889,0.857044604025488,1302,0.5115,366939,0.3838826482327285,0.5111886049733229,0.10492874679394862,No
"Boston, MA--NH--RI",1951.3990000000001,42.373132,-71.14070799999999,0.7206410436812823,0.055999921778318903,118575,0.970568896909863,0.87265416272784,1410,0.485,4433253,0.4784391755395902,0.43387327632815925,0.08768754813225053,Yes
"Bowling Green, KY",45.649,36.955690999999995,-86.439165,0.9376498800959233,0.03237410071942446,690,0.938527064912659,0.8544958007869854,769,0.4808,93806,0.3070311319329001,0.5700468490252381,0.12292201904186187,No
"Bremerton, WA",168.137,47.617754,-122.62618400000001,0.7444019240223249,0.06279098909784946,3293,0.9628309016791804,0.9180038814730663,1178,0.4072,215444,0.33671245340412964,0.6118199039904397,0.05146764260543058,Yes
"Bridgeport--Stamford, CT--NY",478.063,41.135296999999994,-73.53400500000001,0.8001227720639708,0.027399709224059016,13281,0.917489360748286,0.8628546772625314,1422,0.5369,944504,0.4602392061286718,0.43258785547486545,0.10717293839646275,Yes
"Bristol--Bristol, TN--VA",63.99399999999999,36.604532,-82.152878,0.9495887020455703,0.009973065443692218,265,0.9159340832466837,0.7979673767586531,690,0.4317,65535,0.2543543234051324,0.598371637637844,0.1472740389570236,No
"Brownsville, TX",84.867,25.966448,-97.473579,0.9500490821081612,0.007525923251379377,407,0.6864962471445665,0.3674132437650087,696,0.4522,230836,0.18975672607908703,0.4543899745375341,0.35585329938337884,No
"Buffalo, NY",385.488,42.924929999999996,-78.823675,0.892344101132906,0.025121919421592608,9752,0.9649234625446101,0.8123531327061947,775,0.4731,939012,0.3370581660263497,0.5786765289730701,0.08426530500058026,Yes
"Burlington, NC",91.224,36.078967999999996,-79.408365,0.9481135076668575,0.00641025641025641,1624,0.8734324078658577,0.7898149732823702,791,0.4662,136543,0.2797686074496037,0.5590183480161621,0.16121304453423418,No
"Burlington, VT",62.809,44.471732,-73.151442,0.7647813641298983,0.11185141315434476,3480,0.965703435056111,0.8448086471286085,1273,0.4728,112294,0.5012928340057965,0.4218190600670569,0.07688810592714668,No
"Camarillo, CA",22.011,34.231343,-119.03471699999999,0.8852116704805492,0.005320366132723112,1459,0.9585620312565467,0.9218755768875762,1951,0.4585,72381,0.45790967131709626,0.48086624103412945,0.061224087648774336,No
"Canton, OH",167.623,40.827886,-81.43010600000001,0.92713815659694,0.013366684289017067,2614,0.9393515244561533,0.8474450563502753,731,0.4383,276771,0.2190837484955132,0.6943390668880864,0.08657718461640031,No
"Cape Coral, FL",371.567,26.602515000000004,-81.842109,0.9038515540710306,0.012023174354502593,3217,0.862732265497238,0.8606771356279369,1104,0.467,632627,0.25904397607263024,0.6365489930672309,0.10440703086013883,No
"Carbondale, IL",49.675,37.748872999999996,-89.065603,0.8537672417105314,0.05647980942867023,80,0.9284567268723141,0.8029960324817383,681,0.4977,66448,0.2923788557152398,0.6398693942167364,0.06775175006802385,No
"Casper, WY",30.534,42.836277,-106.320225,0.9119878132189269,0.014736056705838463,516,0.8664414587332053,0.8360763420063496,875,0.4234,65680,0.2578147790768126,0.6748647981509324,0.06732042277225501,No
"Cedar Rapids, IA",84.21400000000001,41.998597,-91.663308,0.9313553054983711,0.018507784861991085,4594,0.9566434166295845,0.8641668638120023,736,0.4082,188160,0.3322462646893126,0.6149634602109072,0.0527902750997802,No
"Champaign, IL",47.044,40.098548,-88.24774000000001,0.7476100780353779,0.088657253324647,2978,0.9660074369015104,0.828779364644887,819,0.5456,153239,0.5084105816007939,0.4530338601544159,0.03855555824479028,No
"Charleston, WV",105.42399999999999,38.380421999999996,-81.691011,0.8933117868214497,0.03405118395884176,1897,0.9387174241750422,0.7863928494721364,647,0.4872,147810,0.27882188994764795,0.6048265602048887,0.11635154984746338,No
"Charleston--North Charleston, SC",304.60699999999997,32.902255,-80.01554300000001,0.8810477344407551,0.022302586347758797,9171,0.8855161464310122,0.8149577935193167,1116,0.473,637032,0.3691849407667102,0.547762425242318,0.08305263399097179,No
"Charlotte, NC--SC",776.872,35.249654,-80.815826,0.8651051838400228,0.01580779738511174,34774,0.8975466140581295,0.8870826791344606,1092,0.4829,1462493,0.4494253935976831,0.46315330026393897,0.08742130613837795,Yes
"Charlottesville, VA",34.882,38.057542,-78.483837,0.7873224668763702,0.08329043942426842,2111,0.9409622988685745,0.8594104868174188,1186,0.5059,103716,0.587861244976828,0.3415295077676331,0.07060924725553896,No
"Chattanooga, TN--GA",307.805,35.058647,-85.211135,0.9113295473436402,0.02066206556304531,4790,0.9004119221019595,0.7749677885183963,826,0.495,401945,0.29869579010026626,0.6118736923148211,0.08943051758491266,Yes
"Cheyenne, WY",35.241,41.141090000000005,-104.80611800000001,0.8725789746245469,0.04520973588814086,536,0.8828634267846732,0.8222094910722811,956,0.4316,79364,0.26556769632122196,0.642935460697947,0.09149684298083104,No
"Chicago, IL--IN",2483.539,41.827126,-87.895427,0.7626483836536575,0.031252698879466655,148494,0.9213682855257794,0.8380959595242266,1087,0.4869,8667303,0.3858765805407179,0.4955293361737475,0.11859408328553464,Yes
"Chico, CA",34.462999999999994,39.750248,-121.843748,0.8409458327652364,0.0500574589509359,1275,0.9385045557537482,0.9028575463703983,998,0.482,104216,0.3636659436008677,0.5804617291602108,0.0558723272389216,No
"Cincinnati, OH--KY--IN",797.297,39.185505,-84.46204300000001,0.8988099048576126,0.020008044284632397,32304,0.95101278438714,0.8604157156609734,806,0.4659,1670680,0.36226884688368083,0.5518526276529082,0.08587852546341102,No
"Clarksville, TN--KY",109.756,36.576771,-87.345582,0.9226744913394066,0.03382351268666053,1482,0.9120058799092449,0.8886811585018062,970,0.4294,176696,0.26216967328220286,0.648810283705355,0.08902004301244218,No
"Cleveland, OH",778.458,41.44323,-81.608373,0.8939130166300119,0.01887085971604053,25704,0.9532421852122777,0.8193683331526735,807,0.4902,1760589,0.3344991660309538,0.5761764458695905,0.08932438809945566,Yes
"Cleveland, TN",54.644999999999996,35.175401,-84.851226,0.9061822461748126,0.02799975221458217,591,0.8764504123184704,0.8325602443715352,750,0.4281,69442,0.21453617399023525,0.6463826009764758,0.13908122503328896,No
"Coeur d'Alene, ID",47.884,47.70665,-116.76368300000001,0.9224654859852183,0.012092356116899416,664,0.9229168898889246,0.8668604518092972,978,0.3966,113063,0.2682091733937343,0.6783254539947589,0.053465372611506905,No
"College Station--Bryan, TX",71.55699999999999,30.626675,-96.331052,0.8985783906393874,0.015204258090596716,2678,0.8766774617430082,0.8242518917679431,909,0.519,197587,0.4137731365932552,0.4409080925663399,0.14531877084040493,No
"Colorado Springs, CO",188.21699999999998,38.872965,-104.770602,0.8779241385009503,0.02842079167010991,13665,0.9304591473944401,0.9070277011549004,1133,0.425,616448,0.3833199419095006,0.5507892622406764,0.06589079584982309,No
"Columbia, MO",62.068999999999996,38.955624,-92.327874,0.859824327458256,0.04572993970315399,2126,0.9035806645675936,0.8052878153680734,863,0.4597,129215,0.4878789871752713,0.4611114764879974,0.05100953633673134,No
"Columbia, SC",386.132,34.036235999999995,-81.077207,0.873485051376887,0.05968261932286246,9242,0.9008504034426144,0.8384103324771173,916,0.4785,581004,0.36915330942768193,0.544340083267269,0.08650660730504907,Yes
"Columbus, GA--AL",148.278,32.484694,-84.981031,0.8858791581805838,0.012530307438657745,2259,0.8791241069175365,0.7474884225682021,828,0.4922,256172,0.23463329703524605,0.6348596986643534,0.13050700430040052,No
"Columbus, OH",517.869,40.021161,-82.968532,0.8885362162385525,0.021433257059622627,35907,0.9322092029320881,0.8860564358052924,933,0.4616,1520011,0.4044093963788878,0.5115046475465969,0.08408595607451536,No
"Concord, CA",204.152,37.848003000000006,-122.017105,0.7570516175034964,0.0196254846695984,26647,0.9704320722919221,0.9267321400155863,2093,0.4598,666478,0.5976626115649064,0.35514527355991443,0.04719211487517912,Yes
"Concord, NC",180.70499999999998,35.489602000000005,-80.580668,0.9140302154016472,0.005439917542302517,2782,0.8967744753335808,0.8310244711737869,785,0.4437,232145,0.25657266083004054,0.5981766999819219,0.1452506391880375,No
"Conroe--The Woodlands, TX",134.305,30.123632,-95.452341,0.8833765731949658,0.01283395893133142,4686,0.8634924880745397,0.9176158407495043,1223,0.5022,293872,0.410560205386212,0.4848626013861499,0.10457719322763812,No
"Corpus Christi, TX",125.004,27.745333000000002,-97.412599,0.936780570897641,0.012091570742786353,1201,0.8341589385592837,0.8374461287585071,971,0.474,335985,0.2175754656098603,0.6167774071279893,0.1656471272621504,No
"Dallas--Fort Worth--Arlington, TX",1815.4660000000001,32.812727,-96.972001,0.9071083073950322,0.013377024729579782,121776,0.8248945217159338,0.8695654525722283,1084,0.467,5807934,0.34461591342570363,0.4985558407787438,0.15682824579555252,Yes
"Dalton, GA",80.899,34.792759999999994,-84.938839,0.9713057767665276,0.01385412716470737,493,0.8112408283425284,0.8426764979499018,703,0.4681,90030,0.14310620369025134,0.4916279238704053,0.36526587243934333,No
"Danbury, CT--NY",135.495,41.458333,-73.42604200000001,0.8988317308717249,0.009454878802737331,3877,0.9011346969404114,0.8913598074608905,1409,0.4457,178022,0.39594119859478405,0.4868961212518906,0.11716268015332539,No
"Davenport, IA--IL",146.372,41.517262,-90.512939,0.9272092798309511,0.019211452466164184,2826,0.9494192728596618,0.8182411938909716,749,0.4453,284624,0.2750060066647863,0.6246722450301377,0.1003217483050759,No
"Dayton, OH",353.463,39.754825,-84.16816,0.9162729101409265,0.023050241562992197,13314,0.9412053708511292,0.8513647296453297,770,0.4594,729643,0.3109182658453368,0.5922916595207206,0.09679007463394261,Yes
"Decatur, AL",59.781000000000006,34.559441,-87.001129,0.9633146031130918,0.004424207194988051,407,0.9056308269676866,0.7946722210041658,628,0.4486,69312,0.22709130728452423,0.6434492498516078,0.129459442863868,No
"Decatur, IL",62.258,39.845729,-88.937174,0.9069486721948148,0.010260312795213604,511,0.9566443263230876,0.8009707391485231,665,0.4853,88891,0.2282904614978468,0.6821489266916363,0.08956061181051694,No
"DeKalb, IL",26.054,41.954681,-88.726242,0.8935712605437376,0.038612763383405586,764,0.9335818834576084,0.8537708693149108,816,0.4545,65593,0.3306425220901058,0.5946601941747572,0.0746972837351369,No
"Deltona, FL",100.206,28.992618,-81.260581,0.917622955817612,0.011694979329520372,1930,0.8956600712266702,0.7981279461279461,1039,0.4161,197370,0.2144619513462038,0.6784477534412605,0.10709029521253571,No
"Denton--Lewisville, TX",148.003,33.093039000000005,-97.066276,0.8819204981911131,0.017611555464355336,12931,0.8902460215178326,0.9352087114337568,1142,0.4358,417319,0.46763231156903234,0.44752469436935366,0.08484299406161397,Yes
"Denver--Aurora, CO",681.506,39.710774,-104.955096,0.8298108496221059,0.02077779363395262,72559,0.9257287566572875,0.8911600078709323,1354,0.4476,2677686,0.4359313428886821,0.4719997484293097,0.09206890868200814,Yes
"Des Moines, IA",202.26700000000002,41.619352,-93.656127,0.9062607172826443,0.018931737750373965,11995,0.9540422216966977,0.8488217164175352,888,0.4398,507350,0.38078588028914856,0.5341849870670752,0.08502913264377623,No
"Detroit, MI",1372.613,42.489752,-83.227211,0.9214823615458984,0.014766559108793898,55553,0.9482178099428182,0.824462333698249,902,0.4861,3738864,0.3148242108841454,0.5811016089501803,0.10407418016567431,Yes
"Dothan, AL",55.620000000000005,31.22612,-85.425301,0.9644341150785266,0.00521163462215649,174,0.8995417181930603,0.7760358771896202,717,0.4967,69487,0.2474913531747726,0.6301507323113711,0.12235791451385628,No
"Dover, DE",74.908,39.147328,-75.54383100000001,0.895986640485934,0.019837410309581048,1045,0.9309474451161863,0.8915591752189059,977,0.4365,120792,0.2748881190438031,0.6158568910039082,0.10925498995228879,No
"Dover--Rochester, NH--ME",68.559,43.226307,-70.899627,0.8931412514346776,0.0482645347686706,2225,0.9378252109027301,0.8637250322828804,1069,0.4179,91975,0.31102714191730907,0.5884010053811508,0.10057185270154012,No
"Dubuque, IA--IL",34.125,42.506228,-90.691052,0.9226308957161402,0.025241598153757393,1193,0.957041934209949,0.8228020014295926,756,0.4753,69588,0.3168276366452279,0.6054335434188732,0.07773881993589882,No
"Duluth, MN--WI",79.209,46.765574,-92.12902,0.8399739795088632,0.0703854285249634,1139,0.9511505269166219,0.8301785180013962,793,0.4436,119826,0.3454437791959997,0.5989604579248635,0.055595762879136784,No
"Durham, NC",183.26399999999998,35.980955,-78.947743,0.8327400875711642,0.033142550889363034,11631,0.8884332949114786,0.8537342586783434,1038,0.4946,388890,0.5341653812726576,0.3532693376762686,0.11256528105107386,Yes
"Eau Claire, WI",73.76299999999999,44.860855,-91.447201,0.8837932782215076,0.02799867172343884,1914,0.9376354215732454,0.8684192634560907,769,0.4346,107454,0.3260706897310621,0.6154466892615579,0.05848262100738002,No
"El Centro--Calexico, CA",30.014,32.769055,-115.54634899999999,0.8859933290139899,0.013389964725361745,1005,0.9396080815244463,0.8199381205928911,811,0.4932,119801,0.16968161070818516,0.5704264792360897,0.25989191005572515,No
"Elizabethtown--Radcliff, KY",57.464999999999996,37.788405,-85.92103,0.9276169853174184,0.035438892996725466,604,0.9494598286352912,0.7198970349890361,789,0.5033,77875,0.2365698640852645,0.6926371369903197,0.07079299892441576,No
"Elkhart, IN--MI",94.77799999999999,41.658246999999996,-85.926438,0.9170243204577968,0.029875506042066173,685,0.9037829517562714,0.8245297271404094,766,0.4301,145643,0.19552603533097218,0.6101213223816649,0.19435264228736288,No
"Elmira, NY",38.319,42.071566,-76.809034,0.8802329187196362,0.045067704923681215,703,0.9582646811950135,0.84344616849875,801,0.4414,67981,0.2550683940689685,0.633714127683111,0.11121747824792053,No
"El Paso, TX--NM",251.874,31.780239,-106.389031,0.8964481347104695,0.014872957202306827,4705,0.7949949673468525,0.7826451453824707,810,0.4777,821773,0.21970640349227405,0.5564158656939509,0.22387773081377507,No
"El Paso de Robles (Paso Robles)--Atascadero, CA",31.735000000000003,35.453503000000005,-120.63381299999999,0.881373302587753,0.027386340991260284,934,0.9351961950059453,0.9013435551941766,1325,0.4116,69247,0.2575773644134303,0.6727257301631069,0.06969690542346278,No
"Erie, PA",82.38600000000001,42.08554,-80.114855,0.8989631644125003,0.034431682975985235,2154,0.9451936902986471,0.8129358392741413,738,0.4762,190749,0.2819119156480358,0.616263879817113,0.10182420453485116,No
"Eugene, OR",87.12999999999998,44.065995,-123.07663600000001,0.8096588467818167,0.05182529080440913,2427,0.9349599016212872,0.8583616333968359,947,0.4797,266588,0.3376841750084355,0.587481723090766,0.07483410190079856,No
"Evansville, IN--KY",120.083,37.978539000000005,-87.53739300000001,0.9285362842209823,0.018204773531131927,2843,0.9302316409433913,0.7995736477596108,740,0.4837,232426,0.2904587743016129,0.6058041567599104,0.10373706893847669,No
"Fairfield, CA",39.594,38.259143,-122.036061,0.9120160738465123,0.009376410465471805,1180,0.9612538123618456,0.9091085396599651,1624,0.4384,146497,0.27024056277871994,0.5888763268638905,0.14088311035738962,Yes
"Fargo, ND--MN",70.295,46.862421999999995,-96.82091199999999,0.8923074350592347,0.03427835697982593,4033,0.9388433647934366,0.8566111724235095,792,0.4441,201466,0.406012778340081,0.5504016953441295,0.04358552631578947,No
"Fayetteville, NC",200.29999999999998,35.052625,-78.97700400000001,0.8704555453345598,0.06483222013358397,1907,0.8984514109966006,0.8490377385656466,876,0.4365,327535,0.2515371020337042,0.6527618051925422,0.09570109277375352,Yes
"Fayetteville--Springdale--Rogers, AR--MO",190.203,36.267485,-94.179644,0.9428475916227296,0.014444985308693382,6968,0.8922160405404223,0.7103334958096825,820,0.4688,346117,0.3590830237776479,0.49651160598118155,0.1444053702411706,No
"Flagstaff, AZ",34.832,35.203032,-111.624792,0.8225916039796166,0.1041494782819704,934,0.9159632981015385,0.8259205588377364,1291,0.4892,79714,0.4734755167640365,0.48419793059759275,0.042326552638370755,No
"Flint, MI",243.14,42.988756,-83.694698,0.9369487425028981,0.01294577606255445,3398,0.9338462681024879,0.7476306874222737,727,0.4812,338600,0.21300484617431398,0.6956768286565498,0.09131832516913628,No
"Florence, AL",62.928999999999995,34.746933,-87.67246999999999,0.9580066866497579,0.007291906848051649,120,0.8847357440890126,0.7791106334775916,671,0.4653,81698,0.2695598578783264,0.6323689362627801,0.09807120585889348,No
"Florence, SC",71.576,34.203374,-79.810563,0.9005820664587273,0.013041235847434732,613,0.9105833842394624,0.7999505032172909,751,0.4768,92559,0.27868390129259696,0.5656560908734822,0.15566000783392087,No
"Fort Collins, CO",115.34700000000001,40.499545,-105.05883600000001,0.8210777581583938,0.02265384866915179,6980,0.9337584358033253,0.8888058290800983,1239,0.4468,298075,0.4652516207899947,0.4857929463637361,0.04895543284626918,Yes
"Fort Smith, AR--OK",71.75699999999999,35.307922,-94.413604,0.9328105091254958,0.015271970281571344,1153,0.8827712071294825,0.7584079049187484,639,0.4565,128360,0.1922640461646184,0.6242122799816501,0.18352367385373156,No
"Fort Walton Beach--Navarre--Wright, FL",130.69,30.432391,-86.669601,0.9058529371704318,0.0183585313174946,2629,0.8844621123370798,0.8645259580452361,1135,0.4281,212738,0.35657711982113216,0.5955215285070633,0.0479013516718046,Yes
"Fort Wayne, IN",172.549,41.100389,-85.138898,0.9330892966281322,0.011982939103522711,3395,0.9230853071418339,0.8589995154076534,737,0.4358,324416,0.26441144869434335,0.631330080038623,0.10425847126703365,No
"Frederick, MD",73.89599999999999,39.415817,-77.408163,0.889198941544383,0.02426028385855184,4334,0.9496582367201013,0.9279204216969903,1395,0.3929,157492,0.45865446069401106,0.4611921500808301,0.08015338922515884,Yes
"Fredericksburg, VA",78.614,38.282121999999994,-77.508156,0.8623786249592701,0.02851743238840013,3900,0.9225646733706916,0.9251808318264014,1325,0.4025,157564,0.3837546541250245,0.5366647070350774,0.0795806388398981,Yes
"Fresno, CA",171.502,36.787755,-119.76111399999999,0.9191506550985282,0.011398363131827603,5246,0.9300096980929002,0.8290557822165975,985,0.4813,701045,0.2348281198619348,0.5615969940234601,0.20357488611460514,No
"Gainesville, FL",88.522,29.656816,-82.371039,0.7938245720214422,0.04952014525332872,2601,0.9187268582980084,0.8748498224868047,962,0.5424,196320,0.44464034462992236,0.4906199517101218,0.06473970365995588,No
"Gainesville, GA",129.304,34.2625,-83.855501,0.9174116467541148,0.008466315760158187,766,0.7918819038884318,0.8629041095890411,900,0.4771,149048,0.23978466523807035,0.5106465269429781,0.24956880781895155,No
"Gastonia, NC--SC",139.44,35.256189,-81.152167,0.944234404536862,0.013870510396975426,2135,0.9014166829023909,0.7831977547618708,790,0.4543,181203,0.21644218856160824,0.6349386515327126,0.14861915990567923,No
"Gilroy--Morgan Hill, CA",45.440999999999995,37.080866,-121.60994199999999,0.8910823932600315,0.022347565329144652,1806,0.9559040156196885,0.8948655256723717,1709,0.4505,115160,0.3156869286715153,0.5383999466204044,0.14591312470808035,No
"Grand Forks, ND--MN",24.512000000000004,47.906425,-97.05726899999999,0.867684256432621,0.05614188108736735,723,0.9273512180080172,0.7466978536048432,729,0.5051,65605,0.33979120402276847,0.598003930877811,0.06220486509942058,No
"Grand Junction, CO",79.653,39.089093,-108.567342,0.8941996220812525,0.039411526521797816,321,0.9205465895249696,0.8457440864220526,923,0.4633,132325,0.24173030890231392,0.6690413769520118,0.08922831414567423,No
"Grand Rapids, MI",286.315,42.942857000000004,-85.6686,0.9043125439901144,0.020494217987139757,10440,0.9447662469314126,0.8595612353195522,885,0.435,615004,0.3689336072980982,0.5378460109350309,0.0932203817668708,No
"Great Falls, MT",31.791,47.501365,-111.28428500000001,0.8952281809328722,0.04076698344470936,575,0.908029197080292,0.7951271026627442,691,0.4983,62398,0.2660050548380365,0.6444918496533494,0.0895030955086141,No
"Greeley, CO",41.400000000000006,40.404427,-104.73156800000001,0.8978162829337764,0.0214959648706385,1868,0.9147176684881603,0.7914646178390746,973,0.4146,139271,0.24180809361514033,0.5819539601484256,0.17623794623643407,No
"Green Bay, WI",107.696,44.507214000000005,-88.039503,0.9114641936771805,0.022748720554607818,3152,0.9473387455144041,0.8566282839315386,752,0.439,212334,0.33173127743990527,0.5731953967907203,0.09507332576937443,No
"Greensboro, NC",189.43800000000002,36.097302,-79.843953,0.8982946335143754,0.016038417459763817,3725,0.906328230492634,0.6977176746809776,833,0.4814,332357,0.38858962800538216,0.5176755206610821,0.0937348513335357,No
"Greenville, NC",65.682,35.582955,-77.370517,0.9190327511627151,0.016993527823852734,1220,0.9274538247317917,0.858653598142894,811,0.5076,130109,0.414275082876666,0.5172857046207969,0.06843921250253704,No
"Greenville, SC",322.91499999999996,34.844227000000004,-82.442095,0.9083780277654074,0.018258562936859835,4424,0.8793283060304172,0.8178846768749778,802,0.4863,429516,0.30948857324925044,0.548208944309607,0.14230248244114257,Yes
"Gulfport, MS",176.739,30.401276,-89.02378900000001,0.9277572471893679,0.04257144807277904,1866,0.8570566975276691,0.8183721008743796,868,0.4401,230146,0.2462576359839441,0.65891629205077,0.09482607196528596,No
"Hagerstown, MD--WV--PA",133.526,39.421761,-77.943382,0.9314347212257273,0.021825167218274818,3335,0.949904659149784,0.7900035958288385,939,0.4356,195743,0.22715378956230234,0.6482643023458653,0.12458190809183232,No
"Hammond, LA",76.925,30.49271,-90.481625,0.9274550773088174,0.015183173143891907,268,0.901736769976808,0.8002163331530557,818,0.4534,76390,0.20757504257370893,0.6353228420771867,0.15710211534910443,No
"Hanford, CA",27.743000000000002,36.346251,-119.639307,0.9018340311956708,0.01949117265359093,94,0.9355079600428576,0.8570767501817942,863,0.3828,93381,0.1679560810810811,0.6401858108108108,0.1918581081081081,No
"Hanover, PA",36.361,39.812439000000005,-77.033723,0.8950723529036783,0.04510103907694269,765,0.9454050813851617,0.7945467043458336,926,0.4062,66426,0.23605674117102327,0.6497032453592625,0.11424001346971419,No
"Harlingen, TX",83.689,26.166611,-97.705324,0.8921803742726844,0.03129422865230382,579,0.7702406841962671,0.6206591197376924,665,0.5017,137274,0.16350531563457266,0.5243798426331912,0.3121148417322362,No
"Harrisburg, PA",268.144,40.246345,-76.867071,0.8931452815239523,0.03207558421864218,7447,0.9551363911422744,0.8320069294976115,941,0.4277,474705,0.34703795382037755,0.5781117921341336,0.07485025404548884,Yes
"Harrisonburg, VA",32.659,38.423834,-78.885813,0.830504220137429,0.08609707884911047,639,0.8785380243182963,0.823945462292288,892,0.4255,70280,0.3892018904702144,0.44191076339750607,0.16888734613227951,No
"Hartford, CT",525.307,41.740122,-72.69883,0.8758230607669198,0.03191880610770908,17431,0.9570949085006227,0.8225371513631655,1049,0.4636,918884,0.37466918474753386,0.5203785366905631,0.10495227856190309,Yes
"Hattiesburg, MS",70.438,31.318541999999997,-89.343147,0.8658412436373641,0.03098087769982116,759,0.8590707659088341,0.7905165345722875,823,0.4647,80534,0.382698722642584,0.49879993491172403,0.11850134244569197,No
"Hemet, CA",49.81,33.753011,-116.97937399999999,0.8947231489700346,0.009733402711885159,561,0.9022196337280787,0.8454100409693771,1124,0.4419,186564,0.12042378474752063,0.6756212338102054,0.2039549814422739,No
"Hickory, NC",265.334,35.757151,-81.41886600000001,0.9172106404542135,0.010461732942471366,1040,0.8640359804976397,0.7941970641661348,666,0.4759,211059,0.2004991793383161,0.6298883628816755,0.1696124577800084,No
"High Point, NC",114.786,35.941475,-80.011204,0.9321262999624107,0.017278536524245082,1673,0.885839913441838,0.8212772963345457,801,0.4381,175329,0.26784029649595686,0.5842654986522912,0.14789420485175203,No
"Hilton Head Island, SC",70.62100000000001,32.155559000000004,-80.748419,0.8409997341132678,0.006174480782297852,692,0.8499896999244662,0.8846180411659069,1229,0.5036,73005,0.4963007433828333,0.4158529479278866,0.0878463086892801,No
"Holland, MI",62.573,42.801449,-86.10391800000001,0.9252975159920541,0.02112226859361047,1140,0.9560565495302358,0.8607313784076787,900,0.4358,101772,0.3162332873769598,0.5723331943954599,0.11143351822758024,No
"Houma, LA",91.91,29.669590000000003,-90.754108,0.9180665877978705,0.017711678215311815,386,0.9406814590918459,0.7657140801755301,765,0.493,148104,0.17598905788829586,0.6221474922613355,0.2018634498503687,No
"Houston, TX",1694.0690000000002,29.784308000000003,-95.39353100000001,0.9020740113107313,0.014212543812956073,78111,0.8112386322838082,0.8646078259343745,1042,0.4909,5665604,0.3328508442315041,0.4944241402707801,0.17272501549771585,Yes
"Huntington, WV--KY--OH",139.67600000000002,38.412839,-82.440797,0.9427190399466637,0.02326518139896661,828,0.9320330840796452,0.7032366540563262,685,0.5175,188203,0.2347480412625286,0.6545688466368266,0.11068311210064483,No
"Huntsville, AL",210.79099999999997,34.741669,-86.63923299999999,0.9286563121821799,0.010377514923723193,9180,0.9140785632908406,0.8744631019014727,805,0.4628,304188,0.4489713710257517,0.4734522610655541,0.0775763679086942,No
"Idaho Falls, ID",44.72599999999999,43.495177000000005,-112.00085,0.913771269369805,0.023807879164651977,765,0.9275710953760551,0.8410901821662866,803,0.433,96587,0.3174249309759402,0.6037418757395435,0.07883319328451632,No
"Indianapolis, IN",718.1329999999999,39.811262,-86.145521,0.9049551930725469,0.01515757941902029,25193,0.9152962142011536,0.843748060407486,905,0.4733,1604134,0.38773767683042715,0.5058525068056253,0.10640981636394754,Yes
"Indio--Cathedral City, CA",145.368,33.748475,-116.346207,0.8830576118023139,0.012194248585584353,1183,0.9263623942763423,0.8324030608964054,1100,0.5327,366222,0.2562404393156489,0.5858716876854861,0.15788787299886506,Yes
"Jackson, MI",59.263000000000005,42.245139,-84.410285,0.9210657646667406,0.03401907508040368,492,0.943855918796117,0.8412619222303742,713,0.5055,85174,0.20063420311366742,0.7031052338623982,0.09626056302393442,No
"Jackson, MS",249.124,32.327709000000006,-90.156689,0.95387027661077,0.011568338779369696,3697,0.9013146502167427,0.8632424069456545,895,0.4579,357274,0.33668744664890454,0.5553859817032688,0.10792657164782672,No
"Jackson, TN",51.215999999999994,35.658449,-88.837398,0.9477421005500831,0.005085070999104516,117,0.8944931671632188,0.7462990168380608,860,0.4985,72806,0.2581461220783152,0.6190836558628294,0.12277022205885532,No
"Jacksonville, FL",607.333,30.240149,-81.64272199999999,0.8891182913275087,0.018507861030080893,20707,0.8888699528286059,0.8393027124439721,1023,0.4717,1152978,0.3075928304233047,0.5990862204282992,0.09332094914839617,Yes
"Janesville, WI",31.3,42.699721999999994,-89.00433000000001,0.9398572884811417,0.012883678785819459,611,0.936184091823847,0.8266696882385315,812,0.4045,72647,0.23351048410474443,0.6940187457725384,0.07247077012271717,No
"Johnson City, TN",110.263,36.337715,-82.350994,0.9176870011196591,0.02654675479466898,1731,0.8991224829873339,0.7806383947123662,680,0.5083,124252,0.31007201901585835,0.5811307813294545,0.10879719965468715,No
"Jonesboro, AR",47.224999999999994,35.831646,-90.686041,0.9440541015281925,0.016950641138239943,348,0.9432148222333501,0.8490807581522706,761,0.4737,70916,0.2875876931542024,0.6018616167637214,0.11055069008207621,No
"Joplin, MO",64.62100000000001,37.101212,-94.499217,0.9417062095004847,0.023445073728251442,1138,0.9040968229954615,0.779782523569987,772,0.4111,83249,0.26074752815906704,0.6383868747962769,0.10086559704465611,No
"Kailua (Honolulu County)--Kaneohe, HI",39.579,21.387634,-157.77217,0.832935733391166,0.05828453697679462,1041,0.9671315042764387,0.8658333585545231,2351,0.4076,108149,0.3936588752603564,0.5727976911662606,0.03354343357338307,No
"Kalamazoo, MI",137.411,42.250182,-85.592401,0.9036927038787959,0.0288724518087576,2510,0.9500829172032351,0.8681193703939587,783,0.4709,217790,0.40418175586056837,0.5321455716010194,0.06367267253841224,No
"Kankakee, IL",38.013,41.150152,-87.862319,0.9173986336616095,0.022565285541064087,338,0.9349319069936516,0.7774234462764994,790,0.4582,78674,0.2177601245484122,0.6468733159018782,0.13536655954970958,No
"Kansas City, MO--KS",684.9,39.039792,-94.594897,0.9172660812622385,0.01239838544053603,34749,0.9005601568236884,0.8534202670856245,938,0.4647,1595437,0.38214477450851086,0.5286013898976989,0.08925383559379023,Yes
"Kennewick--Pasco, WA",109.63600000000001,46.236218,-119.19513300000001,0.9148656817924208,0.006536441606528885,2282,0.9101149129577223,0.8387346913656225,947,0.4144,235083,0.25914100947655266,0.6019508954596603,0.1389080950637871,No
"Kenosha, WI--IL",51.339,42.568961,-87.86631899999999,0.9309913821459115,0.008634300374975331,1041,0.9295396513928685,0.8186339664708656,890,0.4542,123736,0.27177682897817623,0.62604079281806,0.10218237820376376,Yes
"Killeen, TX",85.065,31.094565999999997,-97.751581,0.8954703832752613,0.040919404912227404,1189,0.879165849833366,0.8801863159542821,924,0.4016,225914,0.24339351770970216,0.6772907156041352,0.07931576668616266,No
"Kingsport, TN--VA",114.837,36.520527,-82.54754799999999,0.913037232132168,0.00926613192864839,639,0.9228956846689391,0.7571058324587144,616,0.5204,104517,0.22663195574357306,0.6307061503416856,0.1426618939147413,No
"Kissimmee, FL",161.992,28.294782,-81.380966,0.914070873432283,0.007121012317275049,3816,0.8458735748887162,0.8826332139896326,1253,0.4029,362983,0.2308506999534326,0.6440807882666623,0.12506851177990513,No
"Knoxville, TN",442.35699999999997,35.916779999999996,-84.02444799999999,0.9107505995540159,0.01944167847075158,8168,0.9269807023852331,0.832834630799253,841,0.4835,589676,0.3500608379107811,0.5578485912143046,0.09209057087491425,Yes
"La Crosse, WI--MN",52.352999999999994,43.859127,-91.226388,0.9033025000928712,0.04078903376797058,1346,0.956331279945243,0.8207509274355521,814,0.4459,103692,0.31996471536554577,0.6062113123754772,0.07382397225897705,No
"Lafayette, IN",64.47500000000001,40.427209000000005,-86.885007,0.83093206391006,0.07873547210898134,2767,0.9318833458761188,0.8737948580610605,794,0.4708,162673,0.4261549363384918,0.49754268864150686,0.07630237502000137,No
"Lafayette, LA",179.12099999999998,30.166177,-92.013554,0.9187787367911592,0.014600306525772364,1909,0.904347469261072,0.8128250766340354,785,0.504,271125,0.2985740841746719,0.5728541692175829,0.12857174660774515,No
"Lafayette--Louisville--Erie, CO",40.156,39.99069,-105.103876,0.7644149553253414,0.010603871125312926,4215,0.9760418351393606,0.9286192655430293,1835,0.4128,93053,0.6735582154515778,0.2925255559472176,0.033916228601204614,No
"Lake Charles, LA",130.886,30.244735,-93.25584,0.9442146369684697,0.023474110500433902,778,0.9176056097143834,0.752102327305819,813,0.4648,148180,0.2619619026579775,0.6219687308584454,0.11606936648357717,No
"Lake Jackson--Angleton, TX",42.953,29.045863,-95.408523,0.9639054726368159,0.004079601990049751,446,0.8217473850544216,0.8765096104779725,1052,0.4465,85163,0.2353160544471378,0.6085959351109453,0.15608801044191684,No
"Lakeland, FL",152.91,28.020978999999997,-81.955881,0.9309893663122104,0.014667155571852395,2016,0.8984333448747283,0.6712998045706537,957,0.445,281812,0.21830361797518508,0.6679543321864247,0.11374204983839016,No
"Lancaster, PA",250.488,40.099901,-76.31515,0.8978877392629498,0.037296004302840725,4763,0.9331297434572583,0.7939571890937622,980,0.4124,415362,0.30922525594903894,0.5769164119306563,0.11385833212030472,Yes
"Lancaster--Palmdale, CA",115.67,34.619832,-118.094761,0.9266530839044268,0.00491202074458233,2049,0.9370214037577976,0.8458279884251663,1205,0.4407,353549,0.1518952771978874,0.637288982905706,0.21081573989640665,Yes
"Lansing, MI",161.578,42.721126,-84.535279,0.8547320527732972,0.04920023906072271,5637,0.9557437975438771,0.8232441781456544,850,0.4645,323675,0.3999817812843182,0.5281909321403448,0.07182728657533692,No
"Laredo, TX",65.755,27.535328000000003,-99.47784300000001,0.9309246191010595,0.013371882905674015,1022,0.7082815870318322,0.6298582695003327,805,0.4662,261307,0.17602285509236576,0.5219752541179881,0.3020018907896462,No
"Las Cruces, NM",64.763,32.334988,-106.76324699999999,0.8769579593764761,0.0130751062824752,1752,0.9156809681637121,0.7566452038963183,731,0.4891,133679,0.2830750819631259,0.5759358755407074,0.14098904249616676,No
"Las Vegas--Henderson, NV",416.939,36.134893,-115.16721799999999,0.8814423184737862,0.0161843854618847,17528,0.8806368577508796,0.8273262324020833,1084,0.4666,2124200,0.24373718025018062,0.6161611198613737,0.14010169988844567,Yes
"Lawton, OK",44.074,34.618348,-98.41648199999999,0.8271754636233951,0.04448407037565383,318,0.8529843836800197,0.8585126911088021,773,0.4548,90224,0.21600822818520762,0.7014527889507227,0.08253898286406965,No
"Lebanon, PA",45.287,40.351244,-76.405113,0.9038446377420966,0.052216645205371455,557,0.901996954427841,0.7939078209509904,811,0.4004,82059,0.19690821602987646,0.7027973283539213,0.10029445561620225,No
"Leesburg--Eustis--Tavares, FL",104.42500000000001,28.816725,-81.77583800000001,0.9035835858302472,0.010848015561291289,505,0.8820564516129032,0.8314792052403106,914,0.4271,141571,0.22530536616956592,0.6612189461943909,0.1134756876360431,No
"Lee's Summit, MO",42.949000000000005,38.898133,-94.375685,0.8953297348040367,0.00947280834631222,2296,0.9466385682932422,0.8989724016441574,1112,0.371,92324,0.4569693550795573,0.4989464253123393,0.0440842196081034,No
"Leominster--Fitchburg, MA",67.318,42.569209,-71.850936,0.893313834852401,0.02098353965446878,1577,0.947944352858056,0.8402360325318247,909,0.4554,120695,0.2452783909737552,0.6257542310522443,0.12896737797400049,No
"Lexington-Fayette, KY",88.35,38.023468,-84.495346,0.8799899016643781,0.03716064358417024,3674,0.9394109813960103,0.8850421204027121,853,0.4872,313911,0.43613860170428037,0.48843594214287467,0.07542545615284497,Yes
"Lima, OH",53.983000000000004,40.739655,-84.119864,0.9174260912545179,0.01794816347965772,572,0.9215898434682248,0.800904822291531,643,0.4251,70994,0.1886079442922956,0.6960703139927393,0.11532174171496508,No
"Lincoln, NE",89.609,40.807124,-96.680368,0.9101855014582622,0.031648230379148164,6010,0.9250898871168372,0.8749695937728047,818,0.4432,283143,0.3839214553855039,0.5449610164597171,0.07111752815477909,Yes
"Little Rock, AR",262.044,34.756564000000004,-92.321221,0.9222536867101156,0.014620878838913744,8181,0.9305783837486665,0.8060313726826995,841,0.4803,445645,0.3394930356719265,0.5792937780435734,0.08121318628450007,Yes
"Livermore, CA",24.473,37.68507,-121.755683,0.8898190191310336,0.014138457896662291,2687,0.9826674764925541,0.9147939790177892,1868,0.4195,89119,0.47014842271042456,0.46311703600006365,0.06673454128951178,No
"Lodi, CA",16.085,38.138811,-121.27545900000001,0.9223566792861005,0.01074905354245538,112,0.9167378488510495,0.8701915207071533,1064,0.4818,71916,0.20994993742177723,0.5843688539245485,0.20568120865367423,No
"Logan, UT",43.969,41.725004999999996,-111.836455,0.8447643516974915,0.055641634142036205,1218,0.9168694476631905,0.8598820955390787,796,0.4266,103957,0.4214133265453976,0.5089385365471598,0.06964813690744258,No
"Longmont, CO",26.950999999999997,40.169841999999996,-105.099006,0.8536174355901738,0.005411174355901737,1989,0.939951054749914,0.8812691387252001,1298,0.4386,99332,0.4294310065422244,0.48467979112898385,0.08588920232879178,No
"Longview, TX",83.39399999999999,32.517275,-94.779451,0.9390967687038653,0.021102342104703353,215,0.8058408722790661,0.8308191174397294,839,0.4997,103715,0.20302533260433753,0.6581161533321184,0.13885851406354413,No
"Lorain--Elyria, OH",101.38000000000001,41.405056,-82.155415,0.9533417241949222,0.015624801352708596,1596,0.9411807653857819,0.744627779482186,700,0.4518,184071,0.16998949048304854,0.694904830485384,0.13510567903156748,No
"Los Angeles--Long Beach--Anaheim, CA",1759.6249999999998,33.982668,-118.104332,0.8505849322396809,0.02403673222738587,156696,0.9116217170223524,0.859414390393189,1463,0.4917,12670761,0.33364660602215107,0.4650149407418459,0.20133845323600302,Yes
"Louisville/Jefferson County, KY--IN",488.584,38.231406,-85.674529,0.8932889064058428,0.014749766738521927,14100,0.9495677885103402,0.8328420305182808,826,0.4611,1011167,0.3120280978481118,0.5953720176933667,0.09259988445852148,No
"Lubbock, TX",97.24900000000001,33.559247,-101.893174,0.9371540626877946,0.02058228168390423,2286,0.8697287618223553,0.7968769689587096,898,0.5037,251797,0.31068469254252074,0.5539333758260928,0.13538193163138648,No
"Lynchburg, VA",89.344,37.390809000000004,-79.207053,0.8589642889761622,0.04009498584345602,783,0.9300827657048556,0.8066767830045524,819,0.4201,120625,0.32999888851839504,0.5615899744359231,0.1084111370456819,No
"McAllen, TX",358.96000000000004,26.243955,-98.172127,0.8907410005867796,0.011059519861213868,2275,0.7003938826770075,0.6879194187873214,702,0.49,805161,0.1915887746744296,0.4654874288872562,0.3429237964383142,No
"McKinney, TX",74.796,33.204772999999996,-96.676668,0.8487232925268305,0.0012143490104696577,8180,0.8795706756579809,0.9050344239397797,1413,0.4254,245615,0.4885335102853351,0.4303516921035169,0.08111479761114798,No
"Macon, GA",98.945,32.833366,-83.670808,0.9272419302061479,0.027544126421958307,983,0.8618912979893053,0.7222277692353776,792,0.5451,135838,0.2422595349373954,0.6150366395476314,0.14270382551497318,No
"Madison, WI",157.867,43.123585,-89.360564,0.7824942309621752,0.06331694592154108,20941,0.9551795979608807,0.8776226743322655,1055,0.4439,445076,0.5377500365525069,0.42321536737009935,0.03903459607739384,No
"Manchester, NH",87.764,42.991043,-71.47966600000001,0.8948706235138396,0.02318117393494278,3763,0.9123383078195846,0.8812289772019435,1091,0.4489,158500,0.3254804038649441,0.5753266022509319,0.09919299388412406,No
"Mandeville--Covington, LA",66.357,30.433732,-90.106617,0.9107262848695452,0.006873116132624263,763,0.9305364760321018,0.9102491940848385,1165,0.4551,112190,0.46214291560939674,0.4594008349021855,0.07845624948841778,No
"Mansfield, OH",50.421,40.755177,-82.53038000000001,0.955499820852741,0.0066642780365460405,264,0.9328251921180724,0.7325372324184958,584,0.4438,70442,0.1863606347427611,0.6556140315770516,0.1580253336801873,No
"Manteca, CA",22.181,37.786464,-121.204757,0.9390972366507376,0.015426968626636194,825,0.9360699279385192,0.8564894806382762,1314,0.4101,92287,0.17515284991124844,0.6923772270067714,0.13246992308198013,No
"Marysville, WA",85.08,48.052864,-122.14558899999999,0.9136371765066551,0.0018394093452213677,2863,0.9440453570334049,0.8863582403418919,1330,0.3781,164190,0.2195019458096578,0.6924159099629108,0.08808214422743135,No
"Mauldin--Simpsonville, SC",84.08999999999999,34.766635,-82.25576099999999,0.9331816768869924,0.007149518184644078,2162,0.9464707351000463,0.9228195142952192,996,0.4083,141798,0.41543879449077264,0.5280163855623132,0.05654481994691412,No
"Medford, OR",64.97,42.336442,-122.84423799999999,0.8723025336357185,0.029079070026296384,843,0.9159310378462739,0.8407528954687937,961,0.4722,165505,0.28990819190282685,0.6155657662921746,0.09452604180499855,No
"Memphis, TN--MS--AR",501.08500000000004,35.095071000000004,-89.917857,0.9360671872721675,0.009001911767088443,10527,0.899617437150389,0.7770651299040449,903,0.4996,1071755,0.2980747668623942,0.5901920091183978,0.11173322401920806,Yes
"Merced, CA",47.541,37.330954999999996,-120.52571200000001,0.9000752803201395,0.0156900035659099,355,0.9295331786015941,0.8694724770642202,984,0.4865,142656,0.15970671475143597,0.5338722967244242,0.3064209885241399,No
"Miami, FL",1312.732,26.175616,-80.23142800000001,0.8735725833332466,0.013767505938934332,58772,0.8449546633978874,0.8102469777495622,1320,0.5075,6085386,0.32153675674360593,0.5388582175296344,0.13960502572675973,Yes
"Middletown, OH",56.992,39.520327,-84.36341800000001,0.9667885576745047,0.003726161821884836,1076,0.9158425893963084,0.8386122531851176,738,0.4171,99203,0.16797867531293353,0.7431840501317205,0.08883727455534599,No
"Midland, TX",52.934,31.997137,-102.106821,0.9352421065671503,0.007401786958608836,234,0.7993330000820693,0.8436304453509754,1075,0.4629,135376,0.27371708006834383,0.5628940081305603,0.16338891180109585,No
"Milwaukee, WI",564.682,43.056098,-88.101915,0.8786776062060019,0.026927681957114574,23503,0.9416179070795431,0.8068791143298327,870,0.4777,1387245,0.3590094778357416,0.550929798460304,0.09006072370395439,No
"Minneapolis--St. Paul, MN--WI",1111.4279999999999,44.9783,-93.28050999999999,0.8428591323498453,0.021938367366767606,78224,0.955329525982732,0.8842624990631741,1082,0.4532,2854190,0.44590571280825,0.4853712672546466,0.06872301993710349,Yes
"Mission Viejo--Lake Forest--San Clemente, CA",151.45000000000002,33.558042,-117.65723899999999,0.8599283933001264,0.015155878752969976,13402,0.9568635242305337,0.9340095067705044,2076,0.4544,608431,0.5118725709466891,0.4211520129060644,0.06697541614724646,Yes
"Missoula, MT",45.443000000000005,46.873955,-114.034222,0.8019454930103289,0.06854855436180363,476,0.9480777832709466,0.8601213755900202,778,0.476,85503,0.47424884991374355,0.4825510350776308,0.043200115008625646,No
"Mobile, AL",226.606,30.667393,-88.163449,0.9314397363739757,0.007895657752763116,2210,0.8893825904021944,0.77348628670679,809,0.5054,325732,0.2582367430062793,0.629024342138457,0.11273891485526358,No
"Modesto, CA",92.23199999999999,37.674451,-120.965861,0.9280849710119523,0.0050704737419576835,1419,0.9444021469146202,0.8530912464382745,1135,0.4279,372919,0.16748291310211222,0.6207731586440707,0.21174392825381716,Yes
"Monroe, LA",83.876,32.521063,-92.11711600000001,0.9414905774065532,0.01639344262295082,952,0.9308035916533022,0.672563752276867,720,0.5174,115205,0.23496639901668692,0.6394474208072252,0.12558618017608786,No
"Montgomery, AL",154.938,32.400042,-86.29746800000001,0.9359872099462317,0.016353762883835585,3080,0.9028572346853506,0.7751049175719363,851,0.4959,258734,0.2952090444435337,0.5588433322989912,0.14594762325747507,No
"Morgantown, WV",38.769,39.641369,-79.926351,0.7876068146396518,0.09697963132154566,1289,0.9487007499027407,0.8549989578267213,809,0.5224,75625,0.4737969864824819,0.4535776972349495,0.07262531628256856,No
"Mount Vernon, WA",35.811,48.446473,-122.30592299999999,0.9015787811809283,0.02696558257025576,211,0.9238163153125046,0.860113496567324,1095,0.4263,68382,0.22059255576397208,0.6392686840380574,0.14013876019797059,No
"Muncie, IN",46.940000000000005,40.197161,-85.403847,0.8465494440907088,0.05639907919870696,895,0.9307583500638803,0.7695840918638847,700,0.5283,89122,0.2540233391808405,0.6171153992830448,0.1288612615361147,No
"Murfreesboro, TN",77.502,35.848304999999996,-86.406053,0.9203957382039574,0.011075986418452172,2577,0.9305981451118315,0.8328823560218565,977,0.4314,161820,0.40358831796313205,0.5116481848117107,0.0847634972251572,No
"Murrieta--Temecula--Menifee, CA",162.57299999999998,33.63797,-117.230253,0.9029234292361098,0.00561149379327893,3036,0.9392264668917046,0.9144083623318867,1668,0.4084,531528,0.2650545468866921,0.6219041877346001,0.11304126537870778,Yes
"Muskegon, MI",117.69699999999999,43.165628999999996,-86.212944,0.9410370493575616,0.010728096802361845,1139,0.9619885257916951,0.7978239739127708,712,0.4729,163781,0.262373841492928,0.6539268235842461,0.08369933492282595,No
"Myrtle Beach--Socastee, SC--NC",193.985,33.763581,-78.850433,0.8918439239519187,0.019200258154731493,1117,0.8585154022590231,0.8277058451464077,947,0.4641,266453,0.26109036446322387,0.6607352744260783,0.07817436111069784,No
"Nampa, ID",69.594,43.615843,-116.610339,0.8963258763869506,0.021417418579265175,1594,0.8624641324195499,0.8021895516133538,891,0.3993,170021,0.18569264665381438,0.6764075225242948,0.13789983082189086,No
"Napa, CA",26.082,38.295818,-122.29078200000001,0.9067765817322978,0.025230503701685062,403,0.910674209837292,0.8898404048267808,1764,0.4293,86601,0.3550425758382118,0.49837014369345395,0.14658728046833422,No
"Nashua, NH--MA",185.851,42.820934,-71.44078499999999,0.9125773677449492,0.012487835260228113,7581,0.9571355533882977,0.9252780111968396,1213,0.418,234253,0.3765892683162984,0.5610321393775454,0.062378592306156166,Yes
"Nashville-Davidson, TN",579.4730000000001,36.128138,-86.68100600000001,0.8916181690605911,0.016317208739199823,19048,0.8924726481502326,0.8670894750024811,1091,0.4702,1083829,0.41725673723138756,0.4939571086745451,0.08878615409406734,No
"Newark, OH",42.507999999999996,40.031665000000004,-82.45763000000001,0.9238269176735038,0.02438887327901096,688,0.9394148065379518,0.8379999314575551,771,0.4385,77977,0.23081480915155106,0.6689156902846003,0.1002695005638487,No
"New Bedford, MA",60.693,41.673929,-70.937061,0.8754605540711574,0.04505695401490648,1579,0.9530815271236818,0.7750489529056453,833,0.4689,150434,0.22118013728751984,0.5737203388210099,0.2050995238914702,Yes
"New Haven, CT",312.22400000000005,41.323002,-72.903346,0.8388132929035692,0.048461762579447724,6611,0.9579128248723034,0.8243698062544849,1140,0.4571,558313,0.36570187057880077,0.5553372089150336,0.07896092050616565,Yes
"New Orleans, LA",268.617,29.954653000000004,-90.143683,0.863614841061448,0.03086563796310351,6569,0.9069484165918628,0.7621387517202299,956,0.5101,969714,0.2853980925196093,0.5717866417152518,0.1428152657651389,Yes
"New York--Newark, NY--NJ--CT",3656.063,40.718357,-73.970221,0.5463970445619166,0.0615657787595161,305950,0.9288121673480878,0.8410145097226851,1382,0.5164,19094455,0.3979022211797854,0.4633207451568974,0.1387770336633172,Yes
"Norman, OK",45.68599999999999,35.213842,-97.445176,0.8882332523429365,0.03538701839639014,2355,0.9131463914533945,0.9108824874256973,876,0.4492,111608,0.43062041865034384,0.5042091740346104,0.06517040731504573,No
"North Port--Port Charlotte, FL",129.342,27.006513,-82.12384300000001,0.9034691182446161,0.0026158065826899636,712,0.859705078075085,0.7951966423130732,1074,0.4116,196726,0.21237839629323957,0.6807468108473431,0.10687479285941734,No
"Norwich--New London, CT--RI",166.413,41.396715,-72.073311,0.8849773097852779,0.04214879280199595,2352,0.956795763679784,0.8603400478303806,1020,0.4543,205023,0.33502065757039196,0.575238690414193,0.08974065201541506,No
"Ocala, FL",112.286,29.154938,-82.13258,0.9031564180500351,0.006936326085262255,476,0.892818101072673,0.8143673047670982,867,0.4629,178261,0.2377934882841132,0.6247921247803024,0.1374143869355843,No
"Odessa, TX",59.051,31.865173,-102.400678,0.917373200977582,0.03159038107594364,798,0.791076238435414,0.8454317069945789,946,0.411,137353,0.1463559971300361,0.6224416582554024,0.2312023446145614,No
"Ogden--Layton, UT",218.027,41.123076,-111.974899,0.8998367335643969,0.012303786259330747,9649,0.93051860208559,0.8970528295971155,936,0.39,607251,0.32405452049205186,0.606716915798702,0.0692285637092461,Yes
"Oklahoma City, OK",418.48600000000005,35.504826,-97.524305,0.927661612343221,0.018976438531105262,11946,0.865971485039139,0.8414037940071287,859,0.4722,938655,0.3128081952607687,0.5735948254199288,0.11359697931930253,Yes
"Olympia--Lacey, WA",119.003,47.03549,-122.85641100000001,0.8882536106358332,0.020521376877052404,4043,0.9552323257491993,0.8941519085014499,1201,0.4122,197523,0.3899980504429827,0.5602954661968474,0.04970648336016983,No
"Omaha, NE--IA",276.087,41.234859,-96.03464100000001,0.918198835123055,0.019587801567898147,19850,0.9147372403891506,0.8597875235816883,906,0.4409,782620,0.3739531771258746,0.5326470964503971,0.09339972642372832,No
"Orlando, FL",652.642,28.584406,-81.41117,0.8812099219450132,0.015050310873370758,29365,0.8766137381918803,0.8678789564047763,1153,0.4909,1761605,0.35628724897657255,0.5533266645931928,0.09038608643023462,Yes
"Oshkosh, WI",31.854999999999997,44.026834,-88.563524,0.9061617882664089,0.05162373165831702,1197,0.9450465165826291,0.8731720112794281,732,0.4228,74978,0.3099979720137903,0.6094098560129791,0.08059217197323058,No
"Owensboro, KY",34.049,37.761226,-87.100522,0.9489719392537966,0.015467783263546028,329,0.9571599633725435,0.7726577564997673,791,0.51,73170,0.20337961423345527,0.7049592617226471,0.09166112404389758,No
"Oxnard, CA",86.06,34.251073,-119.204029,0.9155231117043009,0.01348841009996459,2682,0.8736431173375462,0.872037873065505,1589,0.417,387261,0.2429167616338015,0.5423736806117717,0.21470955775442677,No
"Palm Bay--Melbourne, FL",282.322,28.188173,-80.67466,0.8804887450250085,0.008642669056829845,6468,0.9049151484773781,0.8690792974986695,1042,0.4634,492989,0.30848483683217376,0.6106192988768736,0.08089586429095263,Yes
"Palm Coast--Daytona Beach--Port Orange, FL",190.64999999999998,29.259897,-81.073077,0.8863311931479928,0.010408598295960107,2477,0.8846924778359484,0.7607931634049795,1041,0.4608,387640,0.2379301445869865,0.6684007144457952,0.09366914096721835,No
"Panama City, FL",99.449,30.194089,-85.67727099999999,0.9328452267995978,0.001571948508065087,1941,0.8611561492697358,0.87400679199909,958,0.4563,158655,0.24375635060698433,0.6657842665383176,0.09045938285469811,No
"Parkersburg, WV--OH",43.451,39.263146,-81.551728,0.9355690985310178,0.031634198752950295,384,0.9402801021756364,0.8005288612087262,712,0.4603,68552,0.21248458131963682,0.6854791418114169,0.10203627686894627,No
"Pensacola, FL--AL",238.825,30.48527,-87.253422,0.8886956930379003,0.025981578514532765,2759,0.8951438972064999,0.8422928674988507,962,0.4425,366820,0.26935757654893255,0.6369801527714304,0.093662270679637,No
"Peoria, IL",147.794,40.701811,-89.585277,0.9185306354681555,0.029301945165534655,3436,0.9469292062158097,0.7859903289674078,732,0.4806,258943,0.30613509372746933,0.5895649333093006,0.10429997296322999,No
"Petaluma, CA",21.39,38.251579,-122.64558899999999,0.8403266254816808,0.04040002446632822,772,0.970493618422037,0.8871908053635379,1869,0.4315,67224,0.3780798996025936,0.5028864254340096,0.11903367496339678,No
"Philadelphia, PA--NJ--DE--MD",2030.742,39.973331,-75.298163,0.7938948610645438,0.03772884537531341,103380,0.9472755951482904,0.8245338877498227,1079,0.5005,5555361,0.3796592739146436,0.5285978654374704,0.09174286064788592,Yes
"Phoenix--Mesa, AZ",1151.0839999999998,33.494067,-111.970041,0.8721792098193966,0.01630993511857084,58532,0.8956304566771501,0.8685672041579463,1089,0.4639,4063235,0.3219865968360495,0.5555885549302912,0.12242484823365922,Yes
"Pittsburgh, PA",921.437,40.456928000000005,-79.95094399999999,0.8290742018375675,0.035957766124211456,35924,0.9655339670147178,0.8294815599549759,826,0.4769,1738057,0.3903126294143971,0.5546745771899996,0.05501279339560327,Yes
"Pocatello, ID",31.094,42.883282,-112.446821,0.86950947773267,0.03696468361771619,689,0.9228975594590393,0.8385289361862144,690,0.4439,71860,0.31052392832841913,0.6225221138580177,0.06695395781356317,No
"Port Arthur, TX",110.432,29.962028000000004,-93.954763,0.9397507873476654,0.015592907024510475,437,0.7777579714343011,0.741905781986959,792,0.4779,148807,0.13754312993335538,0.7118022403932505,0.15065462967339416,No
"Porterville, CA",20.625999999999998,36.074032,-119.03166200000001,0.941977237223834,0.023283493267871755,112,0.9376693006217631,0.8377124413737456,964,0.4946,72107,0.09861683275413684,0.5622195116337944,0.3391636556120688,No
"Port Huron, MI",61.145,42.958172,-82.48570600000001,0.9380715758312629,0.018554739123539672,272,0.9439189110377567,0.8106306892067621,773,0.4635,86661,0.20354011525188648,0.7148258837904331,0.08163400095768043,No
"Portland, ME",141.30499999999998,43.663754,-70.322222,0.8239688769537974,0.0707584521104455,3306,0.9307185048299836,0.8637934129049628,1070,0.4601,212202,0.4684030907920155,0.4663618802318094,0.06523502897617514,Yes
"Portland, OR--WA",537.9200000000001,45.520404,-122.65108700000002,0.7801645230555574,0.0338656322812664,46456,0.9359286102936387,0.9019515861366262,1254,0.4463,2053772,0.42651996881226717,0.5017011175604262,0.0717789136273066,Yes
"Port St. Lucie, FL",228.59199999999998,27.264481,-80.302952,0.904922664911544,0.01933093517015989,1708,0.8821550186476407,0.8586158254631944,1164,0.4749,423072,0.24551506589514835,0.6309484643817854,0.1235364697230662,No
"Portsmouth, NH--ME",97.61999999999999,43.036364,-70.81534,0.8769307858216596,0.026361081457920307,2059,0.9645112525296857,0.8945069490403706,1252,0.4784,83667,0.534389886975745,0.4207117725814989,0.044898340442756174,No
"Pottstown, PA",79.495,40.269278,-75.647562,0.9059849562222642,0.025307129516988502,1856,0.9683596103861063,0.8439391118145424,954,0.4344,111666,0.3134178259692371,0.604620879050038,0.08196129498072485,No
"Poughkeepsie--Newburgh, NY--NJ",349.414,41.553327,-73.98468100000001,0.8422917279146133,0.0435354557096374,5862,0.9556172278689455,0.8441987537515309,1172,0.4404,432729,0.3375841952484288,0.5706605980328608,0.09175520671871037,Yes
"Prescott Valley--Prescott, AZ",50.983999999999995,34.556292,-112.464724,0.8842552201477345,0.019659163613098354,609,0.9434212199567632,0.8635948792580351,979,0.4236,95039,0.26862385822895585,0.6346879614942843,0.09668818027675984,No
"Providence, RI--MA",577.996,41.776323,-71.397401,0.89142436323929,0.03401305264227126,16903,0.9559858768462343,0.8366920982326346,914,0.4699,1201192,0.32199242770322145,0.5533839747621997,0.1246235975345788,Yes
"Provo--Orem, UT",169.168,40.276462,-111.734601,0.8461065340964739,0.03948899361829657,15361,0.9241258936903342,0.856555037111413,1017,0.4116,557039,0.4234963233555157,0.5198786216130664,0.05662505503141794,Yes
"Pueblo, CO",75.063,38.278428999999996,-104.640778,0.9462298921842168,0.01501842857634942,590,0.9252170267515739,0.7709750164248805,775,0.4588,141769,0.20318700332583897,0.7006019664929495,0.0962110301812116,No
"Racine, WI",49.91,42.735978,-87.837451,0.9188492489713634,0.010955599253102435,1546,0.9459457335711647,0.8568517284068184,794,0.4513,130820,0.2543022132241292,0.6451134219849998,0.10058436479087103,No
"Raleigh, NC",523.081,35.768264,-78.66958100000001,0.8740496339364587,0.0109370970603351,42711,0.9070184059524317,0.9281916869714043,1112,0.4231,1042051,0.5225785665073449,0.40186468250486523,0.07555675098778981,Yes
"Rapid City, SD",42.321,44.0837,-103.244558,0.9114739608773521,0.0226781103900635,577,0.8788753908207834,0.8259840701835391,826,0.449,85891,0.2859961229006193,0.6347635140930847,0.079240363006296,No
"Reading, PA",104.97300000000001,40.364436,-75.95137700000001,0.8774829175274114,0.03253615127919911,2602,0.9466114072613231,0.8366745515474079,863,0.4469,274186,0.2289946071299649,0.6186595490991829,0.15234584377085225,Yes
"Redding, CA",72.45,40.579617,-122.363221,0.8650836069328854,0.021245323356493855,821,0.9371030543540527,0.8386705582504317,991,0.4895,121563,0.22768692440405316,0.678699001287877,0.09361407430806988,No
"Reno, NV--CA",164.98799999999997,39.532575,-119.797255,0.8962952030881763,0.022856932024148284,4009,0.8994443111293047,0.8266955953159365,967,0.4509,427556,0.30657848059815535,0.5841531135731048,0.10926840582873984,No
"Richmond, VA",500.88900000000007,37.477942,-77.487983,0.8904421339264865,0.0194470060674184,23185,0.9090601548778541,0.8512626111095167,1062,0.4583,1017598,0.39395825594586725,0.5064230999255646,0.09961864412856813,Yes
"Riverside--San Bernardino, CA",548.272,33.985003999999996,-117.34195600000001,0.90575542039578,0.01600273028163786,13370,0.9137413414932398,0.8575599922659926,1272,0.4283,2095924,0.19904455628677922,0.5796568360777535,0.22129860763546721,Yes
"Roanoke, VA",124.927,37.290783000000005,-79.976293,0.8788974464499186,0.03800928919983538,2119,0.9187086978112228,0.7962778406100579,818,0.4767,213220,0.2860786981319659,0.6011066924807702,0.11281460938726388,Yes
"Rochester, MN",50.701,44.020373,-92.480168,0.8175957280541808,0.04700117218025528,2576,0.9678968523255207,0.8778918109899508,981,0.4278,116509,0.4712392194774468,0.4813392016689139,0.047421578853639304,No
"Rochester, NY",331.018,43.137628,-77.568221,0.8919475735033652,0.029398512221041444,12896,0.9648953700389046,0.828547907121119,902,0.4722,725131,0.372862975248788,0.5311523188313345,0.09598470591987752,Yes
"Rockford, IL",154.859,42.295097,-89.010805,0.9155702419208149,0.012808464196932032,2966,0.9410687496038147,0.8350417079032942,772,0.4524,287484,0.21819581662601795,0.6571142160307553,0.12468996734322682,No
"Rock Hill, SC",96.17399999999999,34.957902000000004,-81.040421,0.9324656991857322,0.016044345745321834,1489,0.9123097629154157,0.8930278884462152,924,0.4534,116779,0.32390151714000737,0.5815134652737677,0.09458501758622499,No
"Round Lake Beach--McHenry--Grayslake, IL--WI",171.466,42.408244,-88.150626,0.906453446316007,0.006542575178257725,6799,0.9539262889751451,0.9113855041414006,1181,0.4045,290274,0.3169612282656472,0.6095687372864896,0.07347003444786311,Yes
"Sacramento, CA",475.925,38.638578,-121.324669,0.8709598016540718,0.01614117283326694,38256,0.9476877815075657,0.8892958543715921,1246,0.4598,1857532,0.3236609396577151,0.565239962761589,0.1110990975806958,Yes
"Saginaw, MI",72.33000000000001,43.431940000000004,-83.981818,0.9106023439629327,0.02090278214562761,699,0.9404758811249989,0.7533823786322962,750,0.479,117120,0.18864410124833472,0.6835496126708442,0.12780628608082104,No
"St. Augustine, FL",46.635,29.865752,-81.317397,0.8843511656839942,0.028073781576242764,680,0.876931609065013,0.7970886490022898,1088,0.4931,80102,0.3327400003423075,0.5772844746435724,0.08997552501412018,No
"St. Cloud, MN",51.467999999999996,45.573890000000006,-94.194721,0.9033080512483364,0.030546958933983293,1009,0.9642675743831478,0.8658644097681389,775,0.4383,114527,0.3467338137825244,0.5751353072269978,0.07813087899047784,No
"St. George, UT",44.938,37.105622,-113.567422,0.8721199904631858,0.01137915339098771,761,0.8799498568608972,0.8522887549685857,966,0.4969,112992,0.2688826769256317,0.6348288173590545,0.09628850571531372,No
"St. Joseph, MO--KS",41.977000000000004,39.75655,-94.830405,0.9021706153294536,0.03320738064373776,486,0.902580184590281,0.718078218078218,728,0.4556,81688,0.1810502917477077,0.7004908770954895,0.11845883115680282,No
"St. Louis, MO--IL",934.9100000000001,38.630681,-90.341011,0.8910072726999241,0.017216255650068065,41140,0.9327992107264674,0.8498582628845678,884,0.4752,2158723,0.3790870081991982,0.5447940799237159,0.07611891187708589,Yes
"Salem, OR",76.308,44.934146999999996,-123.010274,0.8837962189124755,0.020735279886690536,2973,0.9140565605906821,0.8748949126354775,974,0.4326,256897,0.2624642743728168,0.5934805876057067,0.14405513802147654,No
"Salinas, CA",49.10399999999999,36.705002,-121.66398999999998,0.8113671094392853,0.01314211825555425,774,0.8794967812513148,0.8596696503441955,1366,0.402,191072,0.170468176988724,0.47138156767316725,0.3581502553381088,No
"Salisbury, MD--DE",72.77499999999999,38.384105,-75.54290400000001,0.8965035252523176,0.024399268227507247,1159,0.9128705536004991,0.7997188850876495,912,0.4463,103942,0.286943820577657,0.5600194751142592,0.15303670430808375,No
"Salt Lake City--West Valley City, UT",278.09499999999997,40.638203999999995,-111.926483,0.8634061156574774,0.0209294703382115,26447,0.898661179623939,0.8822094827004788,1069,0.4298,1115742,0.35738227414118023,0.551354642054356,0.09126308380446382,Yes
"San Angelo, TX",47.466,31.440632,-100.46049000000001,0.8966708138487279,0.03968424213822987,860,0.8639377767684796,0.7533767172812726,815,0.4562,92106,0.22942413883775967,0.661287141730213,0.10928871943202735,No
"San Antonio, TX",601.049,29.514965000000004,-98.475662,0.8993365901957654,0.014843405925146456,30478,0.8518877428059458,0.8173936237120198,961,0.4639,2014489,0.2842791090979605,0.5706178287663088,0.14510306213573068,No
"San Diego, CA",760.9480000000001,32.928728,-117.128799,0.8494491115140469,0.02399863898510789,59462,0.9233962763482856,0.9026996672251462,1599,0.4647,3191338,0.3910538492736524,0.4842996460438021,0.12464650468254554,Yes
"San Francisco--Oakland, CA",532.9499999999999,37.690191,-122.128542,0.6282580235538933,0.06022159961927282,134373,0.952783171099817,0.8916555960443735,1833,0.4877,3556206,0.4964031895107762,0.3826695678956233,0.12092724259360049,Yes
"San Jose, CA",286.41700000000003,37.329845,-121.945145,0.8444815370918506,0.022255220704316563,115374,0.9588501430993981,0.9201396051959647,2246,0.4585,1802777,0.5286918748715236,0.35733737871426363,0.1139707464142128,Yes
"San Marcos, TX",26.768,29.867189,-97.921715,0.8556948172082237,0.08281001641608254,628,0.8275434068181498,0.7472046476463332,946,0.412,71605,0.3621158142624238,0.4955316707928265,0.1423525149447497,No
"Santa Barbara, CA",56.193,34.42747,-119.724102,0.7452192693801504,0.08101519266599308,5000,0.9362380342423561,0.8742205262528088,1836,0.4899,206275,0.508577817186476,0.38702340105632443,0.10439878175719958,No
"Santa Clarita, CA",76.802,34.429887,-118.52185800000001,0.8631539197017539,0.01544258844135914,3966,0.9483654678400364,0.9369349285378118,1826,0.4025,260913,0.37282546636682473,0.5457103573634108,0.08146417626976452,Yes
"Santa Cruz, CA",58.516999999999996,37.052331,-121.99896000000001,0.7781001053860188,0.04850023230251453,4037,0.9469969952684112,0.9050694519553159,1798,0.4754,174754,0.4803872460964488,0.45961724471466076,0.05999550918889043,No
"Santa Fe, NM",53.25300000000001,35.643646999999994,-106.00773999999998,0.9136827018655077,0.022168797244504036,821,0.8625758884986141,0.8189441585668,997,0.453,89421,0.39446992013119136,0.49726684685231864,0.10826323301649002,No
"Santa Maria, CA",29.206,34.911814,-120.438878,0.9109827517047734,0.01129562775772162,703,0.8503641532809602,0.8772434154300365,1359,0.3941,140132,0.15043095052590572,0.5122589598753409,0.3373100895987534,No
"Santa Rosa, CA",98.22,38.444378,-122.74063100000001,0.8670237917475486,0.020761783883330845,4134,0.9391281368797081,0.9001322864947515,1597,0.4353,316363,0.3497575861539712,0.5465281100748458,0.103714303771183,No
"Sarasota--Bradenton, FL",367.579,27.303534000000003,-82.475257,0.8879945342357538,0.011646774985588316,3238,0.8888647295896395,0.8422905856189771,1158,0.4848,719625,0.33770010950848556,0.5789142207117874,0.08338566977972696,No
"Saratoga Springs, NY",46.121,43.066978999999996,-73.80846700000001,0.8717188498402556,0.03412140575079872,495,0.977484834344377,0.8904911526376715,1109,0.454,70521,0.49828178694158076,0.44301429471929077,0.05870391833912849,No
"Savannah, GA",171.17400000000004,32.04484,-81.151747,0.8764622540038128,0.02982738541195321,1214,0.8476826003407353,0.8530031007158443,1023,0.475,282819,0.3205567657611481,0.5628523833931317,0.11659085084572014,No
"Scranton, PA",173.90699999999998,41.24208,-75.927302,0.9087293327407641,0.02801014868612769,3864,0.956348442562474,0.7804503810475785,759,0.4674,383190,0.25875109481466085,0.6461818802606772,0.0950670249246619,Yes
"Seaside--Monterey, CA",38.928000000000004,36.615584999999996,-121.84376200000001,0.8148315769056701,0.043576647055020366,1904,0.9286962867422442,0.8935323827828185,1696,0.4288,123164,0.4196973438216516,0.4743729937563935,0.10592966242195492,No
"Seattle, WA",1077.433,47.468576,-122.27488799999999,0.7697982946034528,0.04023544220029243,133462,0.9430616956855331,0.9096057841280771,1451,0.4568,3436084,0.43809015897066556,0.4876894718173262,0.07422036921200824,Yes
"Sebastian--Vero Beach South--Florida Ridge, FL",106.641,27.663455,-80.422527,0.8899641691726918,0.0046868001791541365,865,0.9055412813122409,0.8096207187650748,934,0.5101,167037,0.30089101070904156,0.611191832529963,0.08791715676099542,No
"Sheboygan, WI",33.828,43.750796,-87.75774200000001,0.8911525974025974,0.029734848484848486,727,0.9395203484261433,0.8438199694973554,714,0.4311,71518,0.2490658235125036,0.6768365293803638,0.0740976471071326,No
"Sherman, TX",36.114000000000004,33.683107,-96.582675,0.9308961048523673,0.02566084971651572,347,0.822754639302905,0.7874974546935452,871,0.4741,65738,0.19915952341157087,0.6595353501587832,0.1413051264296459,No
"Shreveport, LA",187.82,32.486367,-93.756212,0.9378827364191604,0.008633000653526218,2159,0.9239666674744761,0.6407294989196419,804,0.5043,298437,0.23300788202390033,0.6385710653445207,0.12842105263157894,No
"Simi Valley, CA",32.165,34.269707000000004,-118.746872,0.9006680872198279,0.011102744444622458,2560,0.9614743629680393,0.9136984001343216,1935,0.3977,128671,0.33199869535388526,0.5721772969082136,0.09582400773790109,Yes
"Sioux City, IA--NE--SD",55.154999999999994,42.482112,-96.402243,0.9320843543190106,0.01925562908796234,730,0.9126009060571599,0.756489340702724,746,0.4414,108380,0.21479344802719688,0.5933273484525159,0.19187920352028728,No
"Sioux Falls, SD",64.643,43.533494,-96.735632,0.9216211149070911,0.01736313640529956,3613,0.9461706757904782,0.8643811097342696,779,0.4377,174399,0.33522897080547515,0.6075091152837906,0.05726191391073426,No
"Slidell, LA",60.699999999999996,30.294417,-89.791275,0.9133516844900246,0.006016905800102312,528,0.915770466856695,0.8550492688131551,1034,0.4564,88551,0.2575802274887731,0.6316583079293276,0.11076146458189924,No
"South Bend, IN--MI",164.327,41.714357,-86.20174300000001,0.8978610743398593,0.03324121167080827,1880,0.9166688297000553,0.8030716924770065,774,0.4703,272067,0.28465702228205,0.5956628668472859,0.11968011087066414,No
"South Lyon--Howell, MI",112.12100000000001,42.507278,-83.806042,0.9122716948256013,0.019057842496655153,2656,0.9722703364108758,0.9097480789035887,1052,0.4151,126814,0.43896302535910625,0.5247384287994326,0.03629854584146125,No
"Spartanburg, SC",193.05800000000002,34.974865,-81.989514,0.943095359898991,0.014737735787445713,1430,0.8955151764373281,0.793452661328309,801,0.4712,197327,0.2718918589411442,0.6066780456582035,0.12143009540065226,No
"Spokane, WA",166.192,47.680069,-117.352333,0.8839933273450532,0.023713589118439626,3376,0.9436410537012428,0.8734812482615361,866,0.4589,417048,0.3061037124954183,0.6287923481053532,0.06510393939922852,No
"Springfield, IL",94.776,39.786626,-89.642412,0.9095335759179622,0.01525636784651009,2885,0.9603249099687728,0.7968068448719383,795,0.4732,164836,0.34807675457811266,0.5760536230614212,0.07586962236046614,Yes
"Springfield, MA--CT",358.938,42.125901,-72.57395799999999,0.8725791917931656,0.04739377555971443,5731,0.9680964409469218,0.8118671954100574,925,0.4743,631410,0.3095928110753473,0.5612410706807223,0.12916611824393046,No
"Springfield, MO",142.931,37.148872999999995,-93.287053,0.9095148788088395,0.033116313563854444,4170,0.9040966584859355,0.780598792558216,748,0.4622,289830,0.32648869538241004,0.5903379885429426,0.08317331607464738,No
"Springfield, OH",49.094,39.93772,-83.81300999999999,0.9037355135298814,0.048889255925344786,571,0.9401152808437576,0.8315570110151831,680,0.4549,82951,0.18420150479042996,0.6761452826443896,0.1396532125651805,No
"Spring Hill, FL",119.03699999999999,28.488678000000004,-82.523756,0.8956340956340957,0.003135828135828136,946,0.8693754702784048,0.833092001806094,963,0.4221,161402,0.1838774993672488,0.7042520880789673,0.11187041255378385,No
"State College, PA",28.825,40.799259,-77.858037,0.6236660845944897,0.1331732634846721,2583,0.9711846437140784,0.8518200876691443,985,0.5174,94306,0.6565038912169674,0.299131959291884,0.04436414949114855,No
"Stockton, CA",94.189,37.961908,-121.287516,0.9339996398343238,0.008598955519538988,1896,0.9261487922605505,0.7977717904512731,1052,0.4833,391218,0.1764817214919048,0.6037770783188299,0.21974120018926535,Yes
"Syracuse, NY",201.62100000000004,43.090439,-76.164001,0.8630315624304238,0.04315581895866244,5261,0.9619535801053357,0.7757939170641843,835,0.4553,409915,0.34338078601353994,0.561763384120265,0.09485582986619503,No
"Tallahassee, FL",130.681,30.473181,-84.26885300000001,0.893097519794614,0.029736251705767616,5885,0.9249436403760742,0.8970187837266678,1028,0.4914,255510,0.48573615409921916,0.46674231081688966,0.047521535083891155,No
"Tampa--St. Petersburg, FL",1038.6080000000002,28.006248,-82.5141,0.8789648554388427,0.012840885098763218,41295,0.8791294027842188,0.8512519299504705,1087,0.4815,2704961,0.3154970586946943,0.5878498195020265,0.0966531218032791,Yes
"Temple, TX",54.299,31.094257,-97.419595,0.9316605198454514,0.013479100807867931,647,0.8990149479920093,0.8412207582683517,865,0.4219,103716,0.30347922976726666,0.6070683134288539,0.08945245680387941,No
"Terre Haute, IN",53.800000000000004,39.514587,-87.374197,0.912245826647187,0.0467511316552104,820,0.9432370295706536,0.8287259940492291,726,0.4714,92669,0.21285175017158545,0.6380404941660948,0.14910775566231985,No
"Texarkana--Texarkana, TX--AR",64.697,33.438858,-94.071042,0.9515840643683299,0.006285969715594792,543,0.8852943610845069,0.721696270249151,677,0.5135,88315,0.248605741266637,0.6394600882745407,0.11193417045882233,No
"Texas City, TX",77.31700000000001,29.388296999999998,-95.028467,0.934416353742043,0.02761099620474307,1351,0.8393441437532766,0.7962320516526935,945,0.4361,111554,0.14636578193429506,0.6984968384385294,0.15513737962717555,No
"Thousand Oaks, CA",85.985,34.195619,-118.86055800000001,0.862366115337069,0.010828077204190465,3857,0.9640571147218119,0.935278276481149,2091,0.4676,223914,0.5111229709852518,0.4352277312783932,0.053649297736354996,No
"Toledo, OH--MI",246.807,41.63967,-83.613945,0.9129426129426129,0.022614686900401186,4176,0.9404413504652767,0.8267840256055867,705,0.4779,500434,0.27473486769927685,0.6176432422229825,0.10762189007774069,No
"Topeka, KS",80.892,39.04168,-95.692459,0.9311355416088865,0.024718008835008364,3711,0.9222647315107286,0.7163095786414243,784,0.4048,150183,0.3402972725392276,0.5971651743939796,0.06253755306679275,No
"Tracy, CA",22.307,37.729504,-121.434051,0.9316945979675522,0.009337671599215546,875,0.94887029460743,0.955161854768154,1695,0.4037,97483,0.21921575731624973,0.6423807249551227,0.13840351772862766,No
"Trenton, NJ",106.908,40.228452000000004,-74.718158,0.8656188879575301,0.030839620005588153,6700,0.9079488661476218,0.7818293838862559,1212,0.4716,300071,0.35057902849689737,0.5203450456503695,0.1290759258527331,Yes
"Tucson, AZ",354.29900000000004,32.254891,-110.946141,0.8616147244985283,0.026216156782950358,9720,0.9128517310918035,0.8649469243292166,879,0.4787,870317,0.33193608905441985,0.5551328824307205,0.11293102851485971,Yes
"Tulsa, OK",339.473,36.105449,-95.90133399999999,0.9256744406255525,0.01245351656024044,8736,0.870547543842097,0.8461080288106242,840,0.4694,705153,0.3065476640153682,0.5917547135194638,0.10169762246516797,No
"Turlock, CA",25.79,37.496481,-120.85971799999999,0.8987848282543226,0.02316618579281006,514,0.9283844806930237,0.8706240928882438,1112,0.458,108992,0.19529816008575498,0.5777007679769753,0.22700107193726965,No
"Tuscaloosa, AL",91.165,33.206409,-87.53893199999999,0.945278226737474,0.021765566074039868,1221,0.9362561078348779,0.7948037979378384,828,0.4547,149839,0.37145975564935574,0.49733263540077294,0.13120760894987135,No
"Tyler, TX",91.148,32.310122,-95.30188199999999,0.9238371914291863,0.008869009191798088,911,0.8173640660300212,0.8829955116512614,893,0.4622,146410,0.2778955311664244,0.5771753243150267,0.14492914451854894,No
"Urban Honolulu, HI",175.036,21.364556,-157.93975600000002,0.7718377189670794,0.0658128209000302,8794,0.9678526611518652,0.8577198026558672,1676,0.4432,840850,0.34246329713566526,0.5745387913883818,0.08299791147595294,No
"Utica, NY",62.999,43.094718,-75.276013,0.8742773422032153,0.03682584937039677,2023,0.9495241495206667,0.797035322883465,727,0.473,119462,0.2512779532453036,0.6058703400687494,0.14285170668594696,No
"Vacaville, CA",27.456000000000003,38.364178,-121.967724,0.9339801638637344,0.009788702026735662,845,0.9536257852579486,0.921282463801425,1587,0.4002,101896,0.21887627477390803,0.6447126089227302,0.13641111630336183,No
"Valdosta, GA",56.485,30.875651,-83.295826,0.9590181110612184,0.004220925011225864,1180,0.8228289932956626,0.4971965871495734,770,0.5583,80123,0.30645015379048307,0.5410032567396418,0.15254658946987515,No
"Vallejo, CA",43.080000000000005,38.10948,-122.212096,0.8798621309028242,0.014357318834423583,2065,0.9492332576265646,0.906119563753871,1512,0.4503,178075,0.30443003115572104,0.5799485396269534,0.11562142921732554,Yes
"Victoria, TX",29.072000000000003,28.826115,-96.985119,0.9182702838011202,0.010482180293501049,432,0.8209357417826473,0.7214909582974536,903,0.4508,68528,0.2007884844595214,0.6158659576418813,0.18334555789859724,No
"Victorville--Hesperia, CA",167.903,34.476883,-117.310824,0.9201720278072346,0.005815617162382804,1834,0.9394894532880925,0.8880250898986597,1141,0.4422,347197,0.11915085039385151,0.6778409471578565,0.20300820244829204,No
"Vineland, NJ",62.256,39.480685,-75.027891,0.944435548438751,0.014914788974036372,538,0.9169168634406419,0.8158205091327485,943,0.435,94895,0.20454510295323403,0.6206587150570072,0.17479618198975883,No
"Virginia Beach, VA",588.797,36.908627,-76.309596,0.8888353721855655,0.03863533300954983,26859,0.9093539520236663,0.8475801732263081,1129,0.4442,1474725,0.317123575386106,0.5993992373441752,0.08347718726971871,Yes
"Visalia, CA",63.448,36.292581,-119.30027700000001,0.9201760486625077,0.011490912110611706,1099,0.9268735951025874,0.8140410911649856,947,0.445,231218,0.18294659709115133,0.6097775804004293,0.2072758225084194,No
"Waco, TX",90.86800000000001,31.542223,-97.166048,0.9200048030739674,0.025,699,0.8464650007947514,0.7757502751256655,831,0.4951,186293,0.2591224317843023,0.5578085793913132,0.18306898882438452,Yes
"Waldorf, MD",68.22699999999999,38.609305,-76.987871,0.8908689021778242,0.007025239457857131,5005,0.9668503247464059,0.9102383622438024,1728,0.3662,112828,0.3301523740184097,0.5980810234541578,0.07176660252743253,Yes
"Warner Robins, GA",101.53699999999999,32.580442,-83.668193,0.9448519226002129,0.01831464442467811,2629,0.8632173529597044,0.8588691630613158,893,0.4299,146391,0.2984464517208213,0.6375193409442562,0.06403420733492243,No
"Washington, DC--VA--MD",1348.776,38.897222,-77.189759,0.7287104149759397,0.03672845983272993,224151,0.9200764049058471,0.9053537902718121,1664,0.4482,5042681,0.5346756398748825,0.3709144932320898,0.09440986689302762,Yes
"Waterbury, CT",91.76700000000001,41.549044,-73.039574,0.9053164731419908,0.01583801352949959,1428,0.9372360263296304,0.7804064691570058,959,0.4554,189887,0.23055213106619216,0.6071115659866794,0.16233630294712847,No
"Waterloo, IA",64.16,42.495926000000004,-92.38417700000001,0.9037530474195653,0.03471483020293239,1265,0.9472326706072004,0.7962999977791103,738,0.4603,112665,0.2792172469079249,0.6119588868529546,0.10882386623912048,No
"Watsonville, CA",23.203,36.937939,-121.772779,0.8345018505702163,0.03634941172930521,189,0.935187081098052,0.7883462307179829,1359,0.4402,73450,0.11120877087477449,0.5095526668825462,0.3792385622426794,No
"Wausau, WI",50.143,44.906757,-89.629632,0.9156080528935443,0.026075328727434812,1194,0.9436183314967265,0.852977425075901,679,0.4823,78028,0.284983908045977,0.6362850574712644,0.07873103448275862,No
"Weirton--Steubenville, WV--OH--PA",52.874,40.379958,-80.62443,0.9249148889652372,0.02576756098322766,191,0.943217270194986,0.8238368518138963,675,0.4174,72920,0.19145946367930053,0.740817362114056,0.0677231742066435,No
"Wenatchee, WA",33.299,47.423291,-120.289914,0.9003206761171217,0.016003836125513232,522,0.9142050666854844,0.8366559981490764,894,0.4172,71472,0.2462626003758756,0.6174397744746284,0.13629762514949598,No
"West Bend, WI",39.064,43.442238,-88.15299300000001,0.93201916495551,0.026721423682409307,683,0.9595801763023674,0.847277323315662,836,0.3911,68398,0.2711086179672567,0.6782390093908418,0.050652372641901436,No
"Westminster--Eldersburg, MD",58.071,39.488438,-76.959841,0.9201235422546461,0.022285531710953724,1899,0.9675162555900024,0.8959667453095158,1121,0.4316,74533,0.4269718687339938,0.48247999841178457,0.09054813285422167,No
"Wheeling, WV--OH",50.282,40.05295,-80.726361,0.9231916253309395,0.041782051672195,433,0.9212826829849797,0.698768837459634,610,0.4692,77097,0.2267500755300432,0.6878032309086709,0.08544669356128597,No
"Wichita, KS",219.48100000000002,37.67958,-97.327301,0.9349104692197099,0.01425521718293905,6064,0.8990439449849044,0.8298061102687356,798,0.4533,481818,0.3145970821814928,0.5822150492961122,0.10318786852239498,No
"Wichita Falls, TX",51.766999999999996,33.903257,-98.51866700000001,0.8074992440278198,0.10438463864529786,576,0.824601035574095,0.754594129200635,769,0.474,100145,0.2358001160188945,0.6546117510566006,0.10958813292450485,No
"Williamsburg, VA",56.702,37.281967,-76.748597,0.8751134604089914,0.04132628543969245,1209,0.938760729932207,0.8438424617003091,1138,0.4323,85085,0.5055137753995227,0.4369802588762745,0.05750596572420276,No
"Wilmington, NC",136.893,34.217513000000004,-77.898336,0.8891301342571134,0.011547250209395558,2134,0.9009651733290437,0.8243112108988507,940,0.4909,250996,0.3928056405784215,0.5277782527658555,0.07941610665572293,No
"Winchester, VA",37.315,39.151042,-78.16304000000001,0.869728520533569,0.06882266839735977,1164,0.901644207136198,0.8042628229701756,992,0.3824,72376,0.2998082474661272,0.5612027730366437,0.13898897949722908,No
"Winston-Salem, NC",325.12199999999996,36.072205,-80.266476,0.9164008377638151,0.01675527630095054,5967,0.8949117188746151,0.8327415705052071,761,0.504,411791,0.3316638061621384,0.5575033372552829,0.11083285658257863,No
"Winter Haven, FL",165.39000000000001,28.043985,-81.703779,0.9225792081964475,0.012261261762904393,1100,0.8595166862331739,0.5877723389960648,878,0.4531,238964,0.17750755810770533,0.646225812534597,0.1762666293576977,No
"Worcester, MA--CT",317.055,42.278357,-71.703799,0.8694746174177459,0.03202754095100793,9897,0.9729373231073626,0.8403555445564973,1004,0.4885,500183,0.36535485615339036,0.5385748226725958,0.09607032117401385,Yes
"Yakima, WA",60.04,46.610361,-120.548226,0.9202509418844508,0.01810463867437222,641,0.9040208970552119,0.8192855958892756,788,0.4347,137266,0.1986866614793332,0.5891867675838816,0.21212657093678527,No
"York, PA",132.66000000000003,39.95689,-76.717203,0.9239852207839185,0.02006735050685132,3166,0.9409646768077038,0.8197471428881227,949,0.4251,239362,0.2507166994010223,0.6376672806899832,0.11161601990899442,No
"Youngstown, OH--PA",242.977,41.144766,-80.681079,0.9340730122444856,0.01475779409814533,2483,0.9422266888533755,0.7854238541153278,657,0.4747,371587,0.21876197231715783,0.6889226905992891,0.09231533708355302,No
"Yuba City, CA",39.036,39.122927000000004,-121.608318,0.9041828009035172,0.008127621813488223,556,0.9203246753246753,0.8295136144837991,985,0.4049,125404,0.16592588954644796,0.618311519288854,0.2157625911646981,No
"Yuma, AZ--CA",59.038999999999994,32.676904,-114.568173,0.93947358747197,0.017884056905488364,399,0.9127051635761149,0.8230971805307453,900,0.4545,139243,0.15396366776261167,0.6269137524492711,0.2191225797881173,No
"Zephyrhills, FL",44.108999999999995,28.285371,-82.199122,0.8829181224365791,0.027646969466808446,515,0.8788399740805882,0.7191554391217565,785,0.4507,76781,0.15321833656652512,0.6696551844666981,0.17712647896677677,No
